Id,Genre,Title,Contents,Created at,Updated at
1,想い,想いを語ることの大切さ,"## 想いを語ることの大切さ
どうも、神里です。
今回は、自分の想いを語るということの大切さについて。

さて、世の中には稼ぎたくてしょうがない人が多いですね。
もちろん、僕も稼ぎたいわけですが、
ちょっと僕とは違うベクトルに向かっている人も多いです。

人に対して価値提供をせず、
すぐに他人のお金を奪おうとする。
これ、やっても絶対稼げないんですよ。

人から信頼を得ていない時点で、
その人の持っているお金をもらおうとしても、
絶対に無理なわけです。

だって、どこの誰かもわからない
好きにもなれない人から

「お金ちょーだい」

なんて言われたら

「あげるわけあるかwwwどういう思考回路してんねんwww」

ってなるわけです。

でも、ネット上だとそれをやっちゃってる
人が大勢います。

みんな、自分がビジネスをする側に回ると忘れちゃうわけです。

正直にいうと、僕はお金を稼ぎたいです。
でも、お客様からいきなり奪おうとは思いません。

目一杯価値提供して、
それでちょっと戻ってきたらいいなと思っています。

自分を正当化するようでちょっとキモい
内容になっていますが、

僕がそう思えたのは、ビジネスを始めた頃
周りにGIVEの精神を持った人たちがたくさんいたからです。

知り合いに優れた人がいるというのは、
もうそれだけでとてつもない宝なんですよ。

、、、で、ちょっと話はズレましたが、
いきなり人からお金を奪おうとするのはやめましょう。

まずは信頼を得る。
そのための情報発信をする。

そして、信頼を得るために大切なのが、
ただひたすら事実を述べるだけでなく、
自身の価値観を織り交ぜて発信することです。

そこにきちんと想いがあれば、
人は勝手に共感してくれます。

僕は声を大にして

「アラサーでもプログラマーになれる」

といっています。

そうすると、その想いに共感してくれる人たちが
勝手に集まってくれるわけです。

もちろん、
僕はお金を稼ぐために適当に言っているつもりもないし、
本気でアラサーからプログラマーになることは可能だと思っています。

ちゃんと手順を踏めば、
手を動かすことさえできれば、
誰でもプログラマーになることができると思ってます。

これはもう、マジで本気です。
だって、実際に僕はプログラマーなれてるし
フリーランスとして独立することだってできてます。

こういうことを発信してきたおかげで、
サロンでもマンツーマンレッスンでも申し込みが絶えない
ようになりました。

想いを発信するというのは、
そのくらい価値のあることで、
誰かを救うことに繋がるんです。

だから、もしあなたがお金を稼げるようになりたい
と思うのであれば、何よりも強い想いを持ってください。

そして、それをただひたすら発信しましょう。
そうすれば、きっと共感してくれる人がいます。
信頼してくれる人がいます。

そしたら、その中から1人2人とあなたにお金を払ってでも
学びを得たいと思う人が現れるでしょう。

その時初めて、提供する価値に見合うだけの
お金をいただけばいいんです。

焦りすぎてはダメです。
まずは、何が何でも価値提供しましょう。

無料教材作れば、みんな喜んで受け取ってくれますよ。
そしたら、単純に嬉しくないですか？
自分が作った教材で目の前の人が喜んでくれたら？

それをひたすら継続していってください。
そうすれば、きっと将来は楽になるから。

追伸
良かったら感想をください。
少しのアウトプットが成長につながります。",2018-11-09 05:07:48 UTC,2018-11-09 05:07:48 UTC
2,インプット,インプットのコツ,"## インプットのコツ
どうも、神里です。自分が今以上に成長したいと考えたとき、あなただったらまず最初に何をやりますか？

多くの人は、本を読んだり友達に聞いたりして、知識を集めようとするのではないでしょうか？

もちろん、それは素晴らしいことです。ただ、学んだものを自分の中に取り込もうとするだけだと、どうしても吸収力に限界がきてしまいます。

大切なのは、アウトプット前提のインプットをすること。僕は大体、本を読むときは近くにスマホを置いています。そして、新たな気づきがあればすぐにTwitterでシェアします。

そうやって学んだことをすぐにアウトプットすると、思考が整理され、より深く物事を理解できるようになるのです。

それを1年、2年と積み重ねると、段々と学んだことが自分の血肉となり、活きたノウハウに変わります。そして、指数関数的に成長スピードが上がるようになります。

今よりもさらに良い結果を残そうと思ったら、勉強は死ぬほど大事です。これが全てと言っても過言ではない。ただ、学び方を間違うと全てが無駄になってしまいます。

まずは、アウトプットする意識をしっかりと持ちましょう。そうしないと、ただのノウハウコレクターで終わってしまいます。

あとは、どういう対象から学びを得るかというのもすごく大事な要素です。いい情報を発信しているものを貪欲に探してください。

特に、自分のロールモデルとなる人を見つけたら、徹底的にストーキングしましょう。

その人の発信内容は全て網羅し、何度も何度も読み返し、気づいたことは即アウトプットする。

それを繰り返すと、だんだんその人と同じ価値観を持てるようになります。だから、自分もだんだんと成果を残せるようになる。

「アウトプット前提のインプット」

これが最も最短で成長できる方法です。ぜひ、自分のロールモデルを見つけてこれを実践してみてください。

今の時代、ちょっとググれば自分が理想とする生き方を体現している人はすぐ見つかります。その人を見つけるだけでも、人生はだいぶ変わりますよ。",2018-11-09 05:09:52 UTC,2018-11-09 05:09:52 UTC
3,転職活動,Webマーケの役員面談を受けて,"## Webマーケの役員面談を受けて
どうも、神里です。
僕は昨日、役員面談を受けていました。

「えっ？」って思う人いるかもしれませんけど、
3つ目の会社ですね笑

今回はWebマーケターとしてWANTEDLY VISITで応募したのですが、
そしたら色々すっとばしていきなり役員面談からはじまりました。

その面談の中で、
まずは社長さんの熱い思いを聞きます。

これがとにかく熱くて、熱くて、そして熱かったです。
もう、これぞ起業家って感じでした。

この時点で、僕からするととても好感が持ててました。

「あぁ、色々力になりたいな」と。

で、一通りお話を聞いた後、
僕も色々とビジネスモデルに対してアドバイスしました。

インスタでフォロワー多い人はこんなことしてるよ〜
ブログでは事実と自分の思いを織り交ぜるといいよ〜
メルマガでリストをとって濃いファンを作るといいよ〜

みたいな。

そして、ひととおり僕から見た改善点を伝え、
ネットの力を活用すれば、一人勝ちできるということも伝えました。

そのくらいポテンシャルのある企業で、
ぼくはそこに魅力を感じたわけです。

Webマーケやったらめちゃめちゃ楽しそうだなと。

そして、色々と自分ができる限りのアドバイスをし終わったら、
なんとその場で採用が決まりました笑

「まじかぁ〜、さすがに即決だとわ思わんかったぁ〜」ってなりました笑

おもしろそうなので、僕はまた違う会社でも
働くことになります。

これで、働く会社は3つになりました。

具体的にいつから出勤かはまだきまってませんが、
ぼくはこちらの企業を最優先していきたいと思います。

そのくらい、社長さんの熱意が凄まじかった。

僕の手で、もっともっと会社を大きくできたら楽しいですね。
貢献できるように頑張らねば。

というわけで、これから情報発信の教材作成に力を入れていきます。
それまとめて社内に展開すれば、自動で人材そだれられそうなので。

これからどんどん効率化に注力していけるといいですね。
そのために作業むっちゃ頑張ります。

今後の展開を楽しみにしておいてください。
ではでは。

追伸
良かったら感想をください。
少しのアウトプットが成長につながります。",2018-11-09 05:10:24 UTC,2018-11-09 05:10:24 UTC
4,プログラミング学習,プログラミングの学習期間について,"## プログラミングの学習期間について
どうも、神里です。
今日はプログラミングの学習期間について。

これに関しては、色々な情報がありますよね。

「少なくとも半年は必要だ」

とか

「1〜2ヶ月やれば充分だよ」

とか。

もちろん人によって習得速度は違うし、
学習内容も変わってきます。

ただ、これから将来のある学生と転職を決意したアラサーは、本当に同じスケジュールで勉強を進めても良いのでしょうか？

正直、学生はプログラミングの学習に3〜4年かけても全然いいと思ってます。

勉強に時間をかければ、その分知識も定着しますからね。

ただ、アラサーがその感覚では非常に困ります。

1年勉強に時間をかけるだけで、転職するチャンスはどんどん減っていきます。

もちろん、僕自身も何歳になろうがプログラマーへの挑戦はできると思ってます。

年齢なんてただの数字ですからね。

しかし、そうは言っても歳をとればチャンスが減るのはまぎれもない事実です。

ダラダラやっても転職出来なければ意味はありません。

「プログラミングをやるなら半年で結果を出す」

そのくらいの覚悟はあって当たり前だと思ってます。

一生懸命、毎日手を動かせばきっと結果が出たはずなのに、残念ながらそれが出来ない人があまりにも多いです。

アラサーからせっかく挑戦したのに、それじゃ本当にもったいないですよね。

若い人に比べてハンデがある分、アラサーは必死になってやらなきゃいけないんですよ。

多少辛いのは当たり前です、だって人生かかってるんだから。

あなたの大切な時間が無駄に終わってしまうのは本当にもったいないし、僕もみててとても悲しくなります。

だから、挑戦すると決めたら半年間必死に頑張る。

それが出来なそうなら挑戦はしない。

アラサーからプログラマーに挑戦するなら、そのくらいしっかりと考えた方が良いです。

実際、一生懸命やれば本当に半年くらいで転職できるレベルになれますよ。

ちゃんとした環境で、仲間やメンターに恵まれれば決して難しくはありません。

なので、挑戦するのであればぜひ覚悟を決めてみてください。

その意識の違いで、転職できるかどうかが変わってきますよ。

ぜひ、お互い良い人生を歩めるように頑張りましょう(^^)

ちなみに、僕はプログラマーになってから人生変わりました。

いまは、自由な働き方を思い切り楽しんでます。

あなたにもぜひ、この楽しさを味わっていただけたら良いなと思ってます。",2018-11-09 05:28:13 UTC,2018-11-09 05:28:13 UTC
5,自己投資,徹底的に自己投資するということ,"## 徹底的に自己投資するということ
どうも、神里です。
今日は自己投資について。

ふと思い立って、去年と今年（10月現在まで）でどのくらい自己投資して来たのかを計算してみました。

僕は現在、貯金が全部で6万なので、あとはほぼ全て自己投資に回して来たことになります。

その額を計算してみると、全部で300万以上になることがわかりました。
毎月大体、すくなくとも10万円以上は勉強代に当てるようにしています。

これ、金額だけみると多いように見えるかもしれませんが、僕個人的には少なすぎると思っています。

世の中には、1ヶ月の勉強代だけで100万や200万を余裕で出す人がいます。

そういう人たちに比べると、5万や10万はいくらなんでも少なすぎる。
ぼやぼやしてると、その人たちと差は広がる一方です。

もっともっと自己投資できるようにしないといけない。
もっともっと成長を加速させないといけない。

正直、僕は今焦ってます。

僕より上にいる人たちは、どんどんその成長を加速させていっている。
それに比べて、僕はまだまだ成長スピードが遅い。

情報発信を通して知った方に、年間数千万を学習にあてている人がいました。
僕はその人を知った時、自分自身のこれまでの概念が崩壊したわけです。

今まで僕は、一般社会人の中でも割と勉強をしているつもりでした。
でも、世の中には僕よりさらに桁違いの勉強をしている人がいるんです。

その人の年収はもちろん桁違いです。
今年は5億超えたとかいってました笑

この事実を知った瞬間、僕は自分が本当にちっぽけな存在であることを知りました。
それと同時に、楽しくもなりました。

自分の知識にお金を注げば、自分も年収1億は夢じゃない。

年収1億あれば、もっともっと色んなことを勉強できる。
色んな経験をすることができる。

どうしてもその世界を見てみたい。
もっともっと勉強したい。

今はそういう気持ちで日々生きています。

だから、必要な情報があれば本は迷わずアマゾンで買います。
他にも色んな情報商材に手を出しています。

この間は、5万円の情報商材を買いました。
とても質が高くめちゃくちゃいい買い物だったと感じています。

そのおかげで、最近はますます楽に成果を出せるようになりました。
これは、重要なところにエネルギーを使えるようになったからです。

知識に投資をすることの最大のメリットは、無駄な努力を大幅に減らせることにあります。

本来であれば自分で知恵を絞って、考えて考えて考えて、行動して行動して行動して、それでやっと生み出すようなアイデアも、知識があれば一瞬で解決します。

死ぬほど勉強すれば、困難が降りかかった時に悩む必要なんてありません。
世の中にある問題は、大体の場合知識があれば一瞬で解決するんです。

めちゃくちゃ考えて苦労して問題を解決することって、すごく美しいエピソードのように映りますが、実際は一瞬で解決できることの方がスマートだしかっこいいです。

問題解決に時間をかけるのは全く美しくない。

僕はそれを意識し、無駄な時間をできる限り減らしたいと考えています。
だからこそ、難しい課題を予防するために日々勉強を繰り返すわけです。

まずは100万、毎月自己投資できるようにします。
最近は、「そういう世界が見れたらとても幸せだろうな」と考えながら仕事をしています。

そして、その仕事をしている最中も動画や音声コンテンツを聞いて勉強していたりします。

ビジネスにおいて情報は命。

桁違いの人を知ってから、これを日々頭に入れながら行動するようになりました。

そしたら本当に成果が出るようになりました。
これは明確な数字になって現れています。

だんだんと効果が現れ始めて来てるので、これからも自己投資は惜しみなく続けます。
もはや、貯金は勝手に増えるもんだと思ってます。

だからこれからも僕は自己投資にお金をガンガン使っていきます。
もっともっと上の世界を体験するために。",2018-11-09 05:28:36 UTC,2018-11-09 05:28:36 UTC
6,習慣化,プログラミング学習を習慣化させる,"## プログラミング学習を習慣化させる
どうも、神里です。
今回は、僕が結果を出すために大切にしている習慣についてお話しします。

プログラミング学習って、慣れるまではなかなか精神的なハードルが高いですよね。

文法が難しくて理解できなかったり、エラーに悩まされて嫌になったり。

そういうときって、やらなきゃいけないとは思いつつも、なかなか行動に移せなかったりするものです。

だから、どんどんとプログラミングから心が離れて、いつしかプログラマーに転職することを諦めてしまう。

でも、実際に今の現場で活躍しているプログラマーも、きっと過去にそういう経験をしてきたんです。

それでも彼らが今もずっとプログラミングを続けることができているのは、能力的に違いがあるからではありません。

「プログラミング学習を続けるための工夫がうまいか下手か」

違いはそこだけなんです。

学習を続けるための工夫ができれば、プログラミング学習はほとんど挫折せずに進めることができます。

そして、その一番の支えとなるのが「習慣化」です。

例えば、毎日マラソンで1km走ってる人だと、ランニングをするまでの精神的ハードルってものすごく低いですよね。

逆に、毎日だらだらとテレビ見てポテトチップス食べて寝るみたいな生活してる人は、500m走るのですら超絶めんどくさく感じるかと思います。

僕は税理士に毎月領収書を郵送するのですが、事務作業嫌い&書類整理慣れてないのではっきりいってかなりめんどくさいです笑

これって、プログラミングにももちろん当てはまるんですよね。

毎日、5分でも10分でもコードを書いている人は、プログラミングを始めるまでの精神的ハードルがかなり低くなる。

そして気づいたらいつの間にか、30分、1時間と、平気でコードを書けるようになっています。

これは慣性の法則と一緒で、習慣にした物事というのは、いちどやり始めると勢いでどんどんやっちゃうんです。

苦しいのは最初だけ。
なぜなら、スピード出すのに多少のエネルギーが必要になるから。
でも、それも徐々にアクセルを踏むようにすれば、わりと苦もなくスピードを出せるようになります。

なので、ぜひ習慣化を意識してコードを書いてみてください。

最初は、1行でも2行でもいいんです。

人からバカにされるくらいの進捗でも全く問題ありません。

だって、何もやらないよりは確実にいいですからね。

少なくとも、人をバカにするために時間使う奴よりは何億倍も有意義な時間の使い方してますよ、と。

習慣化のやり方がわからないのであれば、僕がやってたやり方を実践して見てください。

やる気がないときは、Ruby on Railsを立ち上げる必要すらありません。

1. テキストエディタ開く
2. ターミナル開く
3. テキストエディタに1つだけ新しく学んだメソッドを書く
4. 実行する

これだけです。

もしこれがハードル高いと感じたら

1. ターミナル開く
2. irb と入力する
3. 新しく学んだメソッド実行する

これだけでもやってみてください。

1日1つメソッドを学ぶだけでも、1ヶ月で30個、1年で365個になります。

これだけのメソッドを使いこなせるようになれれば、プログラマーとしての基礎力は申し分ないですよ。

たとえRuby on Rails触らなかったとしても基礎力は充分身につきます。

そういう基礎をきちんと理解した人がロジックを組むと、無駄なく読みやすいコードが書けるようになるので、ぜひ実践してみてください。

精神的なハードルも下げられて、大事な大事な基礎も身につけられて一石二鳥だと思います。

それに、基礎ができてくると自然と応用もやりたくなりますからね。

習慣化することによって、モチベーションは勝手に上がるようになりますよ。

自分で上げようとするものではありません。

もし、自分自身の勉強法を確立できていないなら、まずは僕が提案したやり方で学習を進めてみてください。

ハードルの低いところから始めると、だいぶ楽しくプログラミングを学ぶことができます。

大切なのは毎日続けることです、ぜひ実践してみてください。

追伸
良かったら感想をください。少しのアウトプットが成長につながります。",2018-11-09 05:29:57 UTC,2018-11-09 05:29:57 UTC
7,転職活動,アラサーの転職戦略について,"## アラサーの転職戦略について
どうも、神里です。
今回は「アラサーの転職戦略」について。

最近では、若い人がどんどんプログラミングに興味を持って精力的に学んでいますね。

Twitterを見ていると、だいたい情報発信をしているのは僕よりも年下の20〜25くらいの若い人たちです。

そして、彼らは毎日どんどん学習を進め、情報発信を行い、自身のスキルや影響力をより高いレベルに磨き上げていっています。

彼らには時間があり、若さがあり、エネルギーがある。

僕から見ると、もう眩しくて仕方がありません。

「あぁ、あの頃に戻りたい」

そう思うことが、年に２、３秒くらいはあります。

そんな光り輝く彼らですが、そんな彼らにアラサーの僕たちが勝つ術はないのでしょうか？

このまま、年齢のせいで人生の大逆転を諦めていいのでしょうか？

いやいや、それは違いますよね。

アラサーだって、自分が歩みたい人生を歩んでいいはずです。

今の仕事に違和感を感じるなら、いつだって転職していいんです。

やりたいことをやりましょうよ、たった一度の人生なんだから。

というわけで、どうやったらアラサーが若くてピチピチの彼らに勝てるのかをお伝えしますね。

黙って僕のアドバイスを実践しましょう。

まず、面接ではコミュニケーション能力や知識の広さをアピールしてください。

あなたは、若者より長く生きている分、落ち着いて話ができるはずです。また、その内容もきっと知的で幅広い話題が提供できることでしょう。

それを聞けば、面接官もきっと若者には決して出せない魅力を感じてくれるはずです。

そう、あなたは経験値の部分で圧倒的に若者たちに勝ってるんです。

ならば、それを活かさないなんてもったいないことしちゃいけません。面接官に何かしらのお役立ち情報を提供するくらいのことはやりましょう。

僕はだいたいいつも、採用試験では面接官の人生相談に乗ってます。

以前、面接を受けた時は、乱視に合った最適なコンタクトレンズがどれなのかを教えてあげました。もちろん、即採用されました。ちなみにハードレンズをオススメしました。

だいたいの場合、面接って喋った方がいいのは転職者ではなく面接官なんですよ。だって、そのほうが勝手に盛り上がってくれるから。

あなたも、自分のことに興味津々な人がいたら気分良くない？そんな感じです。

話がそこそこ盛り上がった時に、ちょっと気の利いた一言を笑顔で話せれば、だいたい面接は受かります。

さぁ、このノウハウだけでも転職の成功確率は上がりましたね、90%くらいに。

あとは、あなたが前職の経験で培ってきた、プログラマーに活かせる自分の強みを伝えればいいんです。これも、若者には出せない強みですね。

マネジメント能力、タスク管理能力、職歴の中で残してきた結果。

それらをアピールすれば、あなたの株は一段と上がります。

アイスブレークで成功はほぼ決まってるので、ここで一気に面接官の心を仕留めにいきましょう。

僕は研究者だったので、実験ノートやサンプルに全てナンバリングして綺麗に整理し、３つのテーマを同時並行しながら研究を進めることができるマルチタスク能力や几帳面さをアピールしました。

この段階で面接官に、性格もスペックも申し分ない人材であることを確信させます。

そうすれば、あなたはきっと１週間以内に採用の連絡をもらえることでしょう。僕はだいたい、３日後か、早い時はその場で採用をもらえます。

これで若い人にも負けず転職を成功させられるだけのノウハウが手に入りましたね。

あとは実践あるのみです。

えっ？

ハードルが高すぎる？

いやいや、ただでさえ「年齢」というハードルがあるんですよ？

他の部分でそれを上回る価値を提供しないでどうするんですか。

駄々こねた子供みたいなこと言わないでください、もうアラサーなんだから。

ちゃんとそれなりの価値を提供していきましょうよ。

あなたならきっと出来るはずですよ。

弱気にならずガンガン挑戦していってください。

応援してます。

追伸
良かったら感想をください。少しのアウトプットが成長につながります。",2018-11-09 05:54:47 UTC,2018-11-09 05:54:47 UTC
8,思考,思考を整理することでパフォーマンスが上がる,"## 思考を整理することでパフォーマンスが上がる
どうも、神里です。
今回は「思考を整理する」ということについて。

将来のことを色々考えたり、今抱えている課題を解決しようとする時って、頭の中がかなりごちゃごちゃしてきますよね。

考えが堂々巡りし、周りの声が何も聞こえなくなり、何をやっても目の前の物事に集中できなくなる。

これは、僕がまだ全然稼げなくて悩んでいた時によく起きた現象です。

そうすると、自分が進む道に自信が持てず、何もかもが中途半端になり、結果を出すことからどんどん遠ざかってしまう。

自分では頑張ってるつもりなのにパフォーマンスは上がらず、それが逆効果になるのってすごく辛いですよね。

だからこそ、心の中のモヤモヤをきちんと整理する必要があるんです。

そうすることで、頭を常にフル回転させ、どんどん物事を片づけられるようになります。

といっても、ただ整理するだけでは意味がありません。

人は忘れる生き物です。

エビングハウスの忘却曲線によると、人は学習した内容も1日後には70%忘れるそうです。

一生懸命頭の中で整理しても、そうやって忘れてしまったら意味ないですよね。

また振り出しに戻って思考整理に取り組むと、大量の時間とエネルギーを消費してしまいます。

だからこそ、整理した思考をいつでも振り返られるような仕組みを作るべきなのです。

それを実現させるため、実際に僕が思考を整理する時に使ってるのがマインドマップです。

これを利用すると、単純なメモができるだけでなく、それぞれの知識のつながりも見えてきて、どんどん具体的なアイデアが出るようになります。

これは、脳のシナプス同士が繋がって、点と点が線になるからです。

そうすることで、いくつもの具体的で画期的なアイデアを生み出せるようになります。

結果として、どんどん自分自身のパフォーマンスが上がっていく。

なので、ぜひマインドマップを日常生活に取り入れてみてください。

マインドマップがなんなのかよくわかない人は、まずはこの動画を見てみてください。

https://youtu.be/1165deIl1z0

この動画の中で使用しているツールこそがマインドマップです。

これを使用し、自分が思ったことを片っ端から書きまくると、だいぶ思考はクリアーになります。

そして、一旦まとめたことはいつでも振り返ることができるので忘れもしません。

ぜひ、このツールを使用して、思考をどんどん整理してみてください。

実はプログラミング学習にもこのツールは使えるんです。

それぞれの知識のつながりを見いだすことがプログラミングでは重要になってきます。

そんな時にマインドマップを利用すると、コード間のつながりが見えてきて学習効率も飛躍的に伸びますよ。

それに、理解が薄い部分も明確になり、ピンポイントで学習を進められるようになります。

これを使用すると、学習効率や意思決定のスピードがどんどん上がってきます。

1日10項目程度からでもいいので、自分が抱えた悩みや不安、課題を書き出し、それに対する解決策を立てていってみてください。

そして、それを1ヶ月続けてみてください。

きっと効果を実感できるはずです。

騙されたと思ってぜひ！

ちなみに、こちらが僕の使用しているマインドマップ作成ツールです。

https://www.xmind.net/download/

かなり使いやすくておすすめ。

もちろん、こちらのリンクはアフィリエイトでもなんでもありません。

紹介料が僕に入ってくることは一切ありません。

本当にいいと思ったからこそあなたにオススメしています。

ぜひ、活用してみてください。

だいぶ成長スピードが高まりますよ。

追伸
良かったら感想をください。
少しのアウトプットが成長につながります。

追伸2
サロンの1週間無料体験入会を実施してみることにしました。
まだ試験的な段階なので、募集人数は3名様限定とさせていただきます。
宜しくお願いいたします。",2018-11-09 05:55:46 UTC,2018-11-09 05:55:46 UTC
9,マインド,無知になることの重要性,"## 無知になることの重要性
どうも、神里です。
今日は「無知になる」と言うことについて。

何かを学ぶ上では素直になることが超重要で、これが成功を左右します。

僕も、2年前にブログやプログラミングを始めてからいままでたくさんの人からノウハウを吸収してきました。

ただし、それでも順調に成長できていたわけではなく、結構スピードは遅かったです。

今思えば、まだまだ全然スピードアップできたはずなんですよね、まぁ、言い訳なんですが。

で、その足かせになったのが無駄なプライドです。

これはまーーーーーーーーーじでいらない。

アラサーとなると、無駄なプライドでまくるんですよね。

中途半端に職場でいいポジションについている分、変な自信がついちゃってるわけです。

「まぁ、自己流でもいいとこまでいけるっしょ」

みたいな。

確かに、自己流でももしかしたらある程度ブログで収益が出たり、プログラミング学習が進んだりするかもしれません。

でも、確実に効率は悪いです。

で、アラサーの場合時間があまり取れないから、途中で挫折しちゃったりします。

無駄なプライドにすがりついて成長が遅くなるのと、無駄なプライドを捨てて早く結果を出すのと、あなたはどっちがいいですか？

昔の僕は、明らかに前者でした。

効率悪すぎワロタwww

ただ、過去の反省を活かして、今は圧倒的な後者です。

年下からでも、もちろん年上からでも、貪欲に人のいい部分を吸収することしか考えていません。

「自分は圧倒的に無知である」

そう思っておいたほうが楽なんですよね。

プライド捨ててさらけ出しちゃえば、成長はどんどん加速していきます。

それこそ、せき止められていた水が一気に流れ出すように、です。

あなたに誇りがあるのはわかります。

これまで一生懸命仕事をしてきたこともわかります。

自分が好きなこともわかります。

僕はそれらの感情を否定するつもりはありません。

もちろん自尊心は大切です。

ただ、新しく何かを学ぶときにはプライドは一切捨てましょう。

意味ないです、ほんとに。

もし、あなたがプライドを完全に捨てきることができたらどうなると思います？

苦しくなると思いますか？

いやいや、逆ですよ。

めっちゃ楽になります。

なんたって、身の回りのもの全てが教材に変わりますからね。

どんな人間からも学べるようになったら最強です。

単純に、人のいいところを寄せ集めできたら素敵だなって思いません？

ぼくはそれを目指してます笑

「自分が無知だと自覚できてからが勝負」

それをしっかりと意識していきましょう。

大丈夫です、本当にあなたが無知ではないことはみんなわかってますよ。

無知じゃないんだけど、「自分は無知だ」と思いながら目の前の物事に全力投球することが大事なんです。

アラサーからそこまで素直になれたら怖いもの無しなので、ぜひ謙虚な気持ちで年下の方々からも積極的に学んでいってください。

それがアラサーから人生を逆転させる秘訣です。

追伸
良かったら感想をください。少しのアウトプットが成長につながります。

追伸2
勉強にお金つぎ込みすぎて、来月金欠になるかもしれません。
彼女には内緒ということで。",2018-11-09 05:56:12 UTC,2018-11-09 05:56:12 UTC
10,効率化,世の中無駄多すぎ問題,"## 世の中無駄多すぎ問題
どうも、神里です。
今回は世の中の無駄の多さについて語ります。

僕は現在、ベンチャー企業の他にプログラミングスクールでも働いているわけですが、無駄なことが多すぎます。

教材が紙媒体とか、講師の給料が安すぎて人材が定着しないとか、パソコン用意しているのにスペック低すぎて生徒さん自前のパソコンの方がよっぽど勉強できるとか、そこらへんもやばすぎるのですが今回はいったん触れないでおきますw

僕が最も問題視しているのは、「無駄なところでお金をケチって逆にコストが増えている」とこなんですよね。

スクールには生徒さんの予約を管理するツールがあって、それをVBAでスクールのスタッフが構築しているのですが、まぁ〜〜〜〜〜〜痒いところに手が届かない。

そのせいで、講師が手作業で予約管理することになり、結構な手間がかかってます。

スクールなんて1校舎あたり生徒さん50人以上は普通にいますからね。

その一人一人の予定を講師が１つ１つ手入力しているとなると、そりゃあ時間は取られるわけです。

たった1人の生徒さんの予定でも、1ヶ月分を入力するとなると平日だけで同じ作業を20回も繰り返す必要があります。

これ、単純にだるくないですか？w

だって、プログラムに任せた方が同じ処理を正確に一瞬で行うことができるじゃないですか。

だけど手作業、明けても暮れても手作業、あえての手作業。

一体誰得なんだと。

それだったら、VBAの専門家に外注した方がよっぽど質の高いツールが作れるわけです。

そうすれば、講師が手入力に使っている時間を全て他のことに使えます。

予定管理のためにかかっていた人件費も大幅に削減できますし、なによりヒューマンエラーを圧倒的に減らせる。

そして、一度そのツールを作れば、パソコン内の環境が大幅に変わらない限りは半永久的に動いてくれます。

例え環境変わっても、ちょっと改善してそれに対応させれば済む話ですしね。

そしたら、時間が経てば経つほどそのツールから受けられる恩恵は大きくなり、浮いた時間もお金もどんどん事業投資に回すことができる。

それで設備を強化するでもいいし、教材を改善するでもいい、単純に講師に対する保障を手厚くして人材確保や育成に回すのもいいですね。

お金の使いどころを考えれば、現状を変えられる場面なんて腐るほどあるんですよ。

それが「外注費がもったいない」という謎理論によっていまだに実施されずにいます。

これ、考え方間違ってません？

明らかに、外注した方がお金余ると思いません？

なぜ「外注＝金かかる」なの？と。

ちょっと思考が短絡的すぎじゃないですか？

ただ、考えてみるとこういう事態は個人でも普通に起きています。

プログラマー目指すのにHTMLやCSSなどのデザインにめっちゃ時間割いたり、もっとメソッドの使い方覚えないといけないのにテキストエディタめっちゃカスタマイズしていたり。

いやいや、リソースを割くべきところはそこじゃないんだよと。

だから結果を出すのが遅れるんだよと。

で、そう言っている僕も気をぬくとTwitterばっかりチェックして、なんの生産性もない時間を過ごしていたりします。

そして慌ててやるべきことに頭を戻します。

こう言った事態は絶対に避けるべきなので、できる限り無駄は省きましょう。

本質はなんなのかを見極めましょう。

その方が楽なんですよ、アラサーなんてただでさえ時間ないのに、本質じゃないところで一生懸命行動してもエネルギー消耗するだけじゃないですか。

だから、本質しか追求しないんです。

限られた時間を有効活用するんです。

個人的にお金と時間の優先順位は

時間＞＞＞＞＞＞＞＞＞＞＞＞＞＞＞＞＞＞＞＞＞＞＞＞＞＞＞お金

ですよ。

圧倒的に時間が大事。

なので、限られた時間を有効活用するために、「何に時間を使い、何に時間を使わないべきか」をよく考えてください。

そして、時間を確保するためにお金を使いましょう。

自分が優秀になればお金は増やせます。

でも、いくらお金を積んでも時間は増えません。

人が一生で使える時間は決まってます。

そのことを強く頭に入れ、ぜひ本質だけを追求してください。

「今やってることは本当に今やるべきことか？」

それをよく考えて行動すると、もっと結果が出やすくなりますよ。

これ、アラサーには超重要な価値観です。

ぜひ意識してみてください。

追伸
良かったら感想をください。少しのアウトプットが成長につながります。

追伸2
そろそろ沖縄でぬくぬく暮らしたい。",2018-11-09 05:56:58 UTC,2018-11-09 05:56:58 UTC
11,収益化,収益をあげる仕組みを作っていこう,"## 収益をあげる仕組みを作っていこう
どうも、神里です。
今回は、収益をあげる仕組みの構築についてお話しします。

僕の場合、収益の柱となっているのが独自サービスで、それも現在は月額課金制と安定したビジネスモデルに移行しています。

そのおかげで、以前よりもだいぶ少ない労力で収益を上げられるようになりました。

このように、マンツーマンレッスンから効率よく収益をあげる方向に路線変更した理由は「肉体労働の限界が見えたから」です。

今年の夏、僕は3ヶ月間（約90日間）ほぼ休みなく働いていて、休みはたったの3日でした。

しかし、その間に稼ぎ出した収益はわずか120万。

月にだいたい40万ですね。

毎日だいたい夜の21:30まで働いても、収入なんてこんなもんにしかならないんです。

どれだけ肉体労働しようが、時給が高くならない限りは消耗するだけで終わってしまいます。

だから、ある程度の稼ぎを得られるようになったら、次はそれを極限まで効率化することを考えたほうがいいんですよ。

そういう思いがあって、僕はマンツーマンレッスンから月額制のサロンにビジネスモデルを切り替えました。

まぁ、今でも数人の生徒さんにはマンツーマンレッスンしてますが。

というわけで、どうやったらいかに効率よく収益をあげることができるかについて、僕の話を参考に考えてみてください。

それではいきます。

まず、僕がメインで集客プラットフォームとして活用しているのがブログとYouTubeです。

これらは、コンテンツを投下すればするほどスケールが大きくなり、集客がイージーモードと化す最高のプラットフォームです。

ここに大量のリソースを注ぎ込めば、よっぽど戦略が下手じゃない限りは誰でも稼げます。

もちろん、半端な努力量じゃ無理ですけどね。

ただ、一旦歯車が噛み合うとその効率は半端じゃない。

今なんて、ブログはほぼ放置ですけど、それでもきちんと集客してくれていますからね。

アフィリエイトも気づいたら月に2万くらい確定してるし笑

こちらのLINE@にご登録いただいた方々も、僕のブログ経由で登録された方が多いのではないでしょうか？

ここで改めて、ご登録いただきありがとうございます。

最近は登録者が一段と増えて本当に嬉しい限りです。

今後も質の高い情報を提供できるように勉強頑張ってまいります。

そしてありがたいことに、今ではYouTubeからでもコンバージョンが取れるようになってきました。

先日も、YouTubeの動画経由でLINE@への登録やサロンへのお申し込みがありました。

で、そうやって自動的に人が集まるような仕組みを構築できたら、あとはお客様とコンタクトが取れる機会を作るのみです。

ここまで来ることができれば、一般サラリーマンよりは確実に稼げるようになります。

しかも少ない労力で。

僕がお客様とのコミュニケーションに使っているのは当LINE@ですが、それ以外にもメルマガを運営するという手段もあります。

あと、個人的に熱いと思っているのは無料のコミュニティーを形成することですね。

Facebookの秘密グループを作るでもいいし、Slackでやるでもいい。

とにかく、そうやってお客様といつでもコミュニケーションを取れるようにしておけば、いくらでもお金を稼ぐチャンスに恵まれます。

きちんと価値のある情報をコツコツ提供すれば、それをちゃんと評価してくれる人は確実にいます。

その人に徹底的に価値提供することによって信頼が生まれ、他の誰でもなく、あなたの商品を買ってくれるようになるわけです。

どうでしょう？

「あなたの商品じゃないとダメなんだ」って言われたら、死ぬほど嬉しくないですか？

ここまでの仕組みを作るだけで、こういう嬉しいことがどんどん起こるようになるんですよ。

そしてもちろん、この状態になれば収益も右肩上がりになります。

そうやってお金を稼ぎやすい状況が作れたら、次はその収益が自動的に上がるような仕組みを作りましょう。

そのために役に立ってくれるのが、PaypalやBASEなどのオンライン決済サービスです。

これらを活用すれば、リンクやボタンを用意しておくだけで収益が上がるようになるので、決済の手間がだいぶ省けます。

そうすると、自分が何もしなくても、勝手にお金を稼げるような仕組みが完成します。

僕は以前まで、このように効率化することに対して「自分は怠けているんじゃないか？」という罪悪感がありました。

だから、なかなか効率化に力を入れることができなかったんです。

でも、2つの会社に勤めるようになり、3ヶ月休みなく働いてから肉体労働には限界があることを強く感じるようにました。

このままではこれ以上多くの方々のお役に立つことはできない。

精神的に余裕もないし大した結果も残せない。

自分がやっていることってなんてちっぽけなんだろう。

そう感じて、全力で効率化することにしたのです。

それから改善活動が少しずつ実って、以前よりも少ない労力で、より多くの方々に、より価値の高いサービスを提供できるようになりました。

今現在、サロンの方々には教材を無料提供してますが、どんどん成長スピードが加速しているのを肌で感じています。

「効率化は決して悪いことではない」

今の僕はこれを確信しています。

効率化とは決して怠けるということではないんです。

それを頭に入れ、ぜひ、これから効率化に取り組んでみてください。

それだけでだいぶ見える世界が変わりますよ。

自分の手が空くと、勉強する時間が増え、より多くの価値をお客様に提供できるようになります。

そうやって知識をつけたら、さらに楽に収益を上げられるようになり、さらに多くの時間を獲得できでしょう。

こうなったらもう、あとは正のスパイラルをどんどん回していくだけですね。

ビジネスがイージーモードに変わる瞬間です。

効率を意識するだけで、人生はだいぶ楽になるので、ぜひ挑戦してみてください。

追伸
良かったら感想をください。少しのアウトプットが成長につながります。",2018-11-09 05:57:27 UTC,2018-11-09 05:57:27 UTC
12,効率化,生産性の上げ方,"## 生産性の上げ方
どうも、遅咲プログラマーの神里です。
今日は「生産性を上げる」ということについて。

人生を変えるためにはそれは生半可な努力や覚悟では無理なわけですが、学習時間を確保しようにもアラサーは何と言っても時間がないですよね。

育児、残業、なかには両親の介護をやっているかたもいらっしゃるのではないでしょうか？

そんな状況の中で成果を出すためには、やはり時間を作ることがとても重要です。

とはいっても、時間があるだけでは意味がありません。

いくら時間が確保できたとしても、単位時間あたりの生産効率が低ければ結局は何の成果も出せずに終わってしまいます。

仕事量 x 時間 = 生産量

なわけで、いくら時間があっても仕事量が低ければ当然、生産量も低くなるわけですね。

だからこそ単位時間あたりの生産性を高めることが大切なんです。

で、生産効率を上げるにはどうすればええねん？って話です。

生産効率が高いほうがいいのはみんなわかってるのですが、その方法がわからないから困ってるんですよ。

というわけで、僕がやっている方法でよければお話しします。

僕はこれでも、アラサーからプログラミングやブログを0ベースで始めました。

現在活躍されているインフルエンサーやプログラマーの方々は、わりと昔から情報発信やプログラミングをやっていたわけですが、僕は全くの0から何もかもがスタートしたわけです。

僕はそんな状態からプログラミングを学び、それと同時並行して情報発信力も磨いてきました。

なので、生産性に関してはわりと高い自信があります。

よかったら参考にして見てください。

まず、生産性を上げるにはインプットが大切です。

なぜなら、苦労して考えて答えを見つけるより、最初から答えを知っていたほうが明らかに早く物事を進められるからです。

情報発信について例を挙げれば、僕は最近、何もリサーチせずにブログやLINE＠を書いてます。

これは、今までのインプットの蓄積があるからです。

だからそれほど時間をかけずに質の高い情報を提供することができるわけです。（もちろんまだまだ上を目指さなければいけませんが）

なので、生産量を高めたかったら、それと同じくらいインプットをしてください。

大切なのはアウトプット前提のインプットを心がけることです。

いくらインプットしても、アウトプットに活かせなければ全く意味はないですからね。

で、インプットをする習慣をつけたら、次はアウトプットを強化する番です。

その場合、生産効率を上げるためには「自分なりの型」を用意しましょう。

例えて言うなら、工場のラインみたいなものを自分の頭にも構築するんです。

ブログなら、大雑把な型はこうなります。

1. タイトルを決める
2. ググって必要な情報を洗い出す
3. 見出しを先に決める
4. 各見出しの内容を箇条書きにする
5. 一気に書く

こうすることでアウトプットはテンプレート化し、あとは作業ゲーになります。

そこから先は、自分が決めたテンプレートを極めた人間の勝ちですね。

テンプレート化すると何がいいかと言うと、自分自身の成長が可視化しやすくなることです。

「今まではこれやるのに30分かかってたのにいつの間にか10分で出来るようになってるぅぅぅ〜〜〜〜〜〜！！！！」

ってなるわけです、普通にテンション上がりますよこれ。笑

で、テンプレートが用意できたらあとは根本となるあなたの意識を変えていきましょう。

たとえば、あなたは今までブログを書くために1時間かかっていたとします。

でも、テンプレートを用意してから30分に短縮できました。

そうすると、1時間あれば2本の記事を書くことができます。

つまり、自分の中で区切るべき時間が1時間から30分に変換できたというわけです。

だから、「あ、30分あるからブログ書くか」という思考回路になる。

このように、1つ1つの効率化を意識すれば、1分単位でも何かしらの生産活動ができるようになります。

となると、1分1秒たりとも惜しいと思うようになるわけです。

はい、これでめっちゃ時間を大切にする自分の出来上がりですね。

この段階まで来て周りの人を観察してみると、めっちゃ作業が遅く見えるようになりますよ。

アラサーは時間がないからこそ、もっともっと単位時間あたりの生産性を高める意識を持つべきです。

だって、考えてみてください。

生産性が上がれれば、少ない時間で大きな仕事ができるようになって、これまでよりも遥かに楽に稼げるようになります。

で、その結果として時間やお金が余ったのであれば、そこで初めて好きなことをやればいい。

子供と遊ぶ時間を増やしてもいい、家族と旅行に行く時間を増やしてもいい、のんびりと休日に漫画を読んでもいい。

毎日笑顔で楽しい人生を歩むためにも、生産性を上げる工夫をどんどんしていきましょう。

多くの人は目先の楽を選び、将来の苦労から目を背けてます。

そんなの、問題の後回しに他なりません、逃げても楽にはなりませんよ。

そうじゃなくて、目先の苦労を選んで、将来の楽を勝ち取るんです。

今は良薬をたくさん飲み込んで思いっきり苦い思いをしましょう。

そうすれば、1年後2年後にはめっちゃ楽しい人生が待ってます。

今の僕がちょうど、プログラミングやブログを始めてから2年半です。

0スタートでも僕程度にはすぐなれると思うので、あっという間に僕を追い越してできたら養ってください。

宜しくお願いいたします！

追伸
良かったら感想をください。少しのアウトプットが成長につながります。",2018-11-09 05:57:56 UTC,2018-11-09 05:57:56 UTC
14,情報発信,プロフィール文の重要性について,"# プロフィール文の重要性について
どうも、神里です。
今日は「プロフィール文」の重要性について。

情報発信を始めたばかりのあなたは、もしかしたらめっちゃ努力しないと結果を出せないと思っているかもしれません。

しかし、実際は正しい努力をすれば結果を出すことなんて簡単です。

大切なのは、無駄な努力をしないこと。

量をこなして勝負する！みたいなやり方だと、本当に地獄を見ます。

時間のないアラサーは特に。

情報発信においては、質を高めて少ない本数で勝負する方が圧倒的に楽です。

そのために、徹底的に競合やターゲットをリサーチすること、ライティングやマーケティングについて学ぶこと、常に自分の行動を振り返って数値をもとに分析することを意識してみてください。

ただ量をこなすだけなら能力の低い人間でもできます。

そんな努力をしても意味はありません。

しかし、きちんと考えて行動できる人間は意外と少ない。

だからこそ、インプットとアウトプットをバランスよくこなすことができれば、情報発信では簡単に頭一つ飛び抜けることができます。

で、そんな頭のいい情報発信者になるためにも、プロフィールが死ぬほど重要になります。

これに関しても「ウケる型」というものが存在するので、今回はその型について学んでいきましょう。

まず、ウケるプロフィールでは必ずと言っていいほど挫折や苦労などの経験について触れられています。

過去に借金地獄を経験したとか、プログラミングで挫折したとか、コミュ力なくてバイトクビになったとか。

人は、他人の成功体験よりも失敗談に興味を持ちます。

飲み会でも、自慢話ばかりしてるやつより、失敗談を語っている人の方がみんなからいじられて美味しい思いをしますよね、そういうことです。

だから、過去に失敗した経験があるのであればそれを全面に押し出しましょう。

そうすることで、初見の読者もあなたの過去に引き込まれます。

で、そうやって過去に興味を持ってもらったら、次はそれをどうやって乗り越えてきたのかを書きましょう。

この過程については、できる限りあなたのビジネスに即した内容を書くべきです。

「プログラミングに挫折したけど勉強方法を工夫してプログラマーに転職できた」とか、流れるようにビジネスに展開できますからね。

それを書くことによって、読者からすると「過去に失敗をして親近感湧くけど、その挫折を乗り越えてきた凄い奴」という認識に変わります。

だから、ついあなたのことを頼りたくなるわけです。

そうやってきちんと、あなたが読者に価値を提供できる人間であることを認知させたら、そこから自分のビジネスについて語りましょう。

その際重要となるのは、「再現性の高いノウハウを提供できる人」であると思ってもらうことです。

あなたの持っているノウハウが、もし、自分にも実現可能であることがわかれば、読者はほぼ間違いなくあなたを頼ろうと考えます。

重要なのは「こいつにもできるんなら自分にもできるっしょ」と思ってもらえることです。

序盤で失敗談を語るのは、このための布石でもあります。

だから、過去の失敗は盛大にさらけ出しましょう。

で、再現性を信頼してもらうために大切なのが、「万人に共通しないノウハウ」であることです。

というと誤解が生じるかもしれませんが、要は「自分のターゲットにとって再現性の高いノウハウ」であることが重要なのです。

間違っても、依存性の高い人や自主性のない人に向けてノウハウを書かないでくださいね、彼ら何もやらないから。

あくまでも、「ターゲットにとって再現性の高いノウハウ」を書いてください。

そうやってしっかりとした構成でプロフィールを書くことができれば、すぐにサービスを購入しなかったとしても、間違いなくあなたの印象はターゲットの記憶に強く残ります。

そうすると、ニーズが生じたときに真っ先にあなたのサービスが思い浮かぶわけです。

なので、

・失敗談を書く
・失敗を乗り越えた経験を書く
・再現性の高いノウハウが詰まったサービスを紹介する

この3つは最低でも書いてください。

あとは、親近感を持ってもらえるように多少工夫すればすぐに結果が出るプロフィールになります。

きちんと勉強し、戦略を練って正しい方向に進んでいけば、かなり楽に結果を出すことができます。

なので、ぜひ学びながら行動していってください。

ビジネスは、やり方さえわかれば一気に簡単になります。

ぜひ、学びまくって人生を楽にしていきましょう！

追伸
良かったら感想をください。少しのアウトプットが成長につながります。",2018-11-13 04:01:32 UTC,2018-11-13 04:01:32 UTC
15,収益化,有料・無料の線引き,"どうも、遅咲プログラマーの神里です。
今日は有料・無料の線引きについて。

情報発信をするとなると、無料でも質の高い情報を提供する必要があるわけですが、だからといって考えなしにそれだけやっても大してお金は稼げません。

「おー、なんか太っ腹な人だなぁ、ラッキー」と思われるだけで終わりです。

というわけで、情報発信に関しては、価値を無料でGiveしまくりつつも、きちんと稼げるように発信内容を設計していきましょう。

そうすることで、きちんと稼げる発信者になることができます。

そして、その発信内容に関する設計は以下の通り。

無料情報 → 結果を出すための価値観、自分の価値観、SEOを意識した情報
有料級の無料情報 → 収益化、プログラミングのノウハウの一部
有料情報　→ 収益化、プログラミングのノウハウ

このように、キチンと有料・無料の線引きができていれば、「この情報は有料で出そうか？無料で出そうか？」といちいち悩むことも、盲目的に無料で情報を流し続けて消耗することもなくなります。

お客様にGiveしまくりつつも、きちんとご自身が得をするために、ぜひこの考え方を大切にしてください。

で、その情報をどのプラットフォームで発信するかというと、僕自身は以下のように区別しています。

無料情報　→ YouTube、ブログ
有料級の無料情報　→ LINE@
有料情報　→ note、人生逆転サロン

簡単にいうと、僕に近づけば近づくほど有益な価値を受け取れるような設計ですね。

価値にグラデーションをつける感じ。

そうすることで、お金を払ってくださる方々が最も得をするようになるので、容易に収益化できるようになるわけです。

その結果として、僕は月20000PV以下の弱小ブロガーにも関わらず、1PV10円以上というハイパフォーマンスを実現しています。

もはや、日本一無名なプロブロガーを名乗ってもいいのではないでしょうか。

というわけで、無料で情報を垂れ流す前に、まずはきちんと発信する情報を整理しておいてください。

そのうえで、無料で価値のある情報をGiveし続けていきましょう。

確かに、Giveしまくる精神はお金を稼ぐ上でとても大切なことです。

しかし、何の考えもなしに与えまくるなんて行為はビジネスでも何でもありません。

それはただのボランティアです、あなたがやるべきことではない。

そういうのは自分がもっと豊かになってからやりましょ！

無料情報は、有料情報に対する期待値を高めるために使うべきです。

有料情報の設計がなければ、無料情報も大した意味を持ちません。

ぜひ、全ての情報発信を有料情報ありきで考えてみてください。

その方が死ぬほど効率上がるので。

追伸
良かったら感想をください。少しのアウトプットが成長につながります。",2018-12-12 00:11:11 UTC,2018-12-12 00:11:11 UTC
16,収益化,情報発信で結果を出す人に共通すること,"どうも、遅咲プログラマーの神里です。
今回は、情報発信で結果を出す人に共通することについてお話しします。

僕は2年前からマンツーマンのブログコンサルをやっていて、コンサル生一人一人の特徴をかなり深く観察してきました。

その経験からわかったのは、情報発信で結果を出す人ほど「人の感情を動かすことができる」ということです。

世の中にはスペックが超絶高い人はたくさんいます。

しかし、スペックが高いことと情報発信で結果を出すことは、全くの別物だと僕は思っています。

大切なのは、いかに人の気持ちを考えた発信ができるかということ。

例えば、以下のような人がいたら、あなたはどっちが発信者として結果を残すと思いますか？

1. めっちゃ頭いいんだけど人からはあまり好かれない
2. 頭は良くないんだけど人から好かれる

超極端な例で申し訳ないのですが、この場合だと情報発信で結果を残すのは間違いなく後者ですね。

こういう、人から好かれる人たちの大きな特徴として見られるのが「共感力」です。

つまり、人の気持ちを理解する能力に長けているということ。

僕が見てきた感じ、情報発信で結果を出してきた生徒さんはみんな優しいです。愛情に溢れています。

そういう人が書く文章には、どこか人間臭さがあり、たとえ文章が下手だろうが最後まで読んでしまう。

僕は、これが情報発信者としての圧倒的な財産だと思っています。

例えどんなにスキルを磨こうが、例えどんなに知識をつけようが、発信内容に人としての温もりがなければ読んでくれた人の心を動かすことはできません。

情報発信者は常にパソコンに向かってます。

だから、あまり人を意識することはないかもしれません。

しかし、そのパソコンの向こうにはかならず一人の人間がいます。

それが見えているかどうかで、発信内容は大きく変わってくるんです。

文章を書くとき、目の前の友達に話しかけるように書いているか？

動画を撮るとき、目の前の友達に話しかけるように撮っているか？

その姿勢ができているかどうかで、情報を受け取る側の気持ちは大きく変わってきます。

ぜひ、お役立ち情報を発信するだけの人間ではなく、人の感情を動かせる人間を目指して発信してみてください。

人は、最初は情報や機能を求めますが、最終的には感情で判断する生き物です。

そこをよく理解し、人の感情に訴えるような発信ができれば、例えどんなにフォロワーが少なかったとしてもきちんと成果を出せる状態になりますよ。

大切なのは、人の感情にアクセスすること。

自分に寄ってきてくれた人の心くらい、ガッツリとつかめるようにしましょう。

それが情報発信で結果を出すコツです。

追伸
良かったら感想をください。少しのアウトプットが成長につながります。",2018-12-12 00:11:40 UTC,2018-12-12 00:11:40 UTC
17,転職活動,アラサーからプログラマーへの転職をするために大切なこと,"どうも、神里です。
転職を成功させるための再現性の高いノウハウが溜まってきたので共有をば。

ありがたいことに、サロンを始めてから4ヶ月で4名の方がプログラマーに転職されました。

うち、3名はアラサーの方々です。

僕がその方々にどういうアドバイスをしたのかというと、

1. プログラミングの前にGit/Githubの勉強をせよ
2. 共同開発の経験をせよ
3. 現場でよく使う機能の実装法を学習せよ
4. テストコードを書けるようにせよ
5. オリジナルのロジックを組むことに注力せよ
6. 転職サイトのプロフィールを充実させよ
7. 徹底的に面接対策せよ

ということです。

簡単にいえば技術面と精神面の両方を鍛えるということなのですが、結構、これらの項目を網羅できていない未経験者は多いです。

大切なのは、技術面で高いスキルを持ちながらも、マインドの面でもポテンシャルを感じてもらえるようにする。

そうすると、わりとすんなり採用をもらえたりします。

現に、面接が苦手すぎて何度も転職に失敗してきたアラサーのサロン生も、きちんと面接を受けて2つの会社からプログラマーとして内定をもらえるようになりました。

また、転職を決めた他の2名の方は、面接を受けてその場で即採用をいただいています。

技術的なスキルを高め、かつ、転職活動面のスキルを高めること。

その両方をしっかりできれば、たとえアラサーからでもプログラマーに転職することは可能です。

あとは、コネがあるともう確実ですね。

プログラマーを欲しがっている社長さんにコンタクトを取れる方法があれば、転職活動の進行スピードがかなり速いです。

転職が決まった4名のうち、2名は僕のコネで決まりました。

なので、ご自身が転職活動をするときも、ぜひコネを作ることを意識してみてくださいね。

それで楽さが全く違ってきますので。

追伸
良かったら感想をください。少しのアウトプットが成長につながります。",2018-12-12 00:12:19 UTC,2018-12-12 00:12:19 UTC
18,収益化,動画お得問題,"どうも、遅咲プログラマーの神里です。
今日は「動画お得問題」について。

最近ちょっとずつYouTubeに力を入れているのですが、これ、明らかに効率いいですね。

というのも、昨日の動画再生時間を確認してみたら、なんと17時間でした。

それに対し、僕のブログの観覧時間は1日だいたい12時間。

ご存知のように、僕はYouTubeよりもはるかに長くブログを運営しています。

その期間、なんと2年。

にも関わらず、ここ2,3ヶ月力を入れ始めたYouTubeの方が1日のブログの稼働時間を超えてしまったわけです。

僕の2年間何だったんだwww

というわけで、僕がブロガーの才能ないのは置いといて、これってすごくないですか？

ブログで記事書きまくって消耗するより、動画に力を入れる方が明らかに効率いいですよ。

僕の場合、1つの記事を書くのにだいたい2~3時間かかります。（プロブロガーの中では死ぬほど遅いだろうなぁ）

そして、実際にその記事が結果を出してくれるようになるのは3ヶ月後。

どんだけ時間かかるねん、と。

それに比べると、YouTubeは撮影から編集まで1本あたり40分くらいで終わります。編集しなかったら15分くらい。

で、いざ投稿してみるとちゃんと総再生時間やチャンネル登録者数増えるし、それに合わせてLINE@の登録者数も増えます。

集客面から考えて、明らかにブログよりも効率がいいですよ。

だって、ブログって「先月は3万PVいったのに今月は2万PVしかいかなかった」なんてことも普通にありますからね。

それに比べると、YouTubeはわかりやすく数字が増えてくれます。

そして、文章を書くのが苦手な僕にとっては、やはりYouTubeでしゃべっている方が遥かにやってて楽しいですね。

文章書くの嫌いだけど、プレゼンはかなり得意だという方は、間違いなくYouTuber向きですよ。

で、動画を撮るといっても別に顔出ししなきゃいけないわけではありません。

スライド作ってPC画面録画してちょっと喋って、それをアップするだけでも十分集客はできます。

そんなにハードルを上げる必要はないんですよ。

だからブログで消耗する前に動画もやってみた方が賢いなと。

一昔前にブログが流行ってブロガーが急激に増えたように、またYouTubeにも同じ波が来る予感です。

僕はちょっと乗り遅れ気味。

というわけで、次はYouTubeの波に置いてかれないように動いてみます。

今やるかやらないか。

それが今後の人生の大きな分かれ目になりそうですね。

1年、2年が経って、「あぁ、あのときYouTube始めてればよかった」と後悔する前に、ぜひ動いてみてください。

その瞬発力が人生を変える秘訣です。

追伸
良かったら感想をください。少しのアウトプットが成長につながります。",2018-12-12 00:12:49 UTC,2018-12-12 00:12:49 UTC
19,自己投資,貯金という危険行為について,"どうも、神里です。
今回は「貯金という危険行為」について。

貯金というと、結構いいイメージありますよね。

家のローンや子供の養育費、もしもの入院代のために準備したり。

でも僕は、この貯金に対してちょっと疑問があります。

それは「稼げていないうちから貯金してどうするの？」ということです。

もちろん、少しの蓄えは大事だと思いますよ、ずーっと貧乏もやばいし。

だけど、ただ盲目的に貯蓄するのも同じくらいやばいです。

なぜなら一生効率上がらないから。

一般的なサラリーマンの給料だと、めちゃくちゃ頑張って節約したとしても、毎月5万くらい貯めるのが限界ではないでしょうか？

これ、ずっと続けるのしんどくないですか？

だったら、1ヶ月で60万とか稼げるようになったほうが良くないですか？

そうすれば、毎月5万貯金している人の1年分の金額をたった1ヶ月で貯められるようになりますよ。

今の状態からすれば夢物語のように感じるかもしれませんが、情報発信では月収60万なんて全然可能な金額です。

少なくとも、会社員として働いて基本給を上げていくよりはよっぽど簡単。

だから、最初のうちは貧乏してでもいいから自己投資したほうがいいです。

お金はただのツールでしかないですからね。

スマホやパソコンと同じです。

理想の生活を手に入れるためにお金を使うんです。

とはいえ、こちらのLINE@にご登録いただいている方々にはアラサーが多いですよね。

中にはお子さんがいらっしゃる方もいて、攻めの自己投資がなかなかできないのが現状でしょう。

もしかしたら、あなたもそのうちの1人かもしれませんね。

じゃあ、お金を稼ぐことがまだ苦手で、月の収入にも余裕がない場合、どうやって自己投資をすればいいのでしょう？

その答えは簡単で、本を買えばいいんです。

本のコスパが最強なのは、もはや色んな著名人が口にしていますね。

ビル・ゲイツやウォーレン・バフェットが読書家であることからもわかるように、稼げる人たちはみんなめっちゃ読書しているんですよ。

読書をするということは、有名人と晩御飯を共にする行為に等しいです。

いや、何度も繰り返し読める分、もしかしたらもっと価値の高いことなのかもしれません。

で、肝心の値段はというと大体1000〜2000円。

飲み会を1回我慢すれば2〜3冊は買えますよね。

どんな家庭であろうと、これくらいのお金を捻出する余裕はあるはずです。

やり方としては、月に1冊、マーケティングやコピーライティングに関する本を買う。

そして、その本を何度も何度も読み込んで情報発信に落とし込む。

そして、その本の料金を回収できるだけ稼いだら。またさらにそのお金でもう1冊本を買う。

そしたら、次は本2冊分のお金を稼げるようにまたひたすら勉強を繰り返して実践する。

そうすることで、どんどん自己投資に使える額は増えていきます。

実際、僕はお金のないときはそうやって自己投資をしてきました。

そのおかげで今では、10万の教材もポンとお金を出せるようになっています。

もし自己投資にかけるお金がないのであれば、まずはこのやり方から実践してみてください。

あとは、稼いでいるブロガーさんの記事をたくさん読むのもいいですね。

レベルの高いブロガーさんは、言葉の濃度が高いので、それを読むだけでもめちゃくちゃ勉強になります。

それに、稼げる人の価値観も身につけることができます。

だから、自分がアウトプットするときも、自然と内容が洗練されていくわけです。

貯金というのは、「意識しなくてもいつの間にか貯まってた」というのが理想です。

稼ぐ能力さえ手に入れば、お金は勝手に貯まっていきますからね。

ただ盲目的に貯金をし、自己投資を怠るのはかなり危険です。

それでは、「将来の自分は稼げない人間である」と宣言しているようなもの。

僕は現在、毎月10万以上は必ず自己投資に充てるようにしています。

ということは、今の僕が貯金に切り替えれば毎月10万以上を確実に貯めることができるということです。

仮に、毎月1万貯金している人がいたとしたら、僕はその10倍以上の効率を出すことができます。

つまり、その人が10ヶ月かけてやっと貯めれるだけの金額を、わずか1ヶ月で達成できてしまうということです。

当然、月に稼げる額が大きくなればなるほど、その効率は上がります。

そしたら、そのとき初めて貯金をすればいいんです。

というか、いつか使う金額が追いつかなくなって、勝手に貯金が貯まるようになってます。

月に100万稼げる人なら、50万勉強に当てても50万残りますからね。

だからこそ、まずは月に1000円でもいいので自己投資に充てる習慣を身につけましょう。

そして、そのお金をどうやったら回収できるかを考えましょう。

そのサイクルを回せば、人生はどんどん楽になっていきますよ。

追伸
良かったら感想をください。少しのアウトプットが成長につながります。",2018-12-12 00:13:50 UTC,2018-12-12 00:13:50 UTC
20,収益化,自分のポジションをフル活用せよ,"どうも、遅咲プログラマーの神里です。
今回は、自分のポジションをフル活用する、ということについて。

情報発信において、この「ポジションどり」という考え方は超重要で、それが稼げるか稼げないかを大きく左右します。

といっても、自分でビジネスやったことない人からすると

「ポジションって何？」

って感じですよね。

ポジションとは、文字通り自分の立ち位置のことです。

情報発信においては「どの立ち位置から誰をどういう状態にしたいのか？」ということが重要になります。

皆、誰をどういう状態にしたいのかはよく考えるんだけど、「どの立ち位置から？」という視点は結構抜けがち。

だけど、この考え方は、他の情報発信者との圧倒的な差別化を生み出す上でとても大切な要因になります。

つまり、そこで希少性を発揮することができれば、それだけで稼ぐハードルはだいぶ下がるということ。

僕の場合、「アラサーからプログラミングを始め、研究者からフリーランスプログラマーに転職した」というポジションをフル活用するようにしています。

そうすることによって、今アラサーなんだけど、仕事内容や人間関係に不満があって、人生を変えたいと思っている人に刺さるようになるわけです。

そして近いうち、ぼくは「アラサーからプログラミングを始め、沖縄でぬくぬく生活するフリーランスプログラマー」というポジションを獲得します。

で、競合となる沖縄の情報発信者を調べてみると、強いのは「せやろがいおじさん」くらいのもので（一人だけ超強力ですが笑）、それ以外はあんまり目立つ人がいませんでした。

なので、プログラマーという立ち位置だと、割と少ない労力で自分のポジションを確立できるかと。

ポジション取りとは、いわばブルーオーシャンを自分の手で生み出すということで、圧倒的に優位に立てる場所を自ら確立する行為のことです。

自分が持っている希少性は何か？

希少性がないならこれからどうやってそれを身につけ、新たな価値としてターゲットに提供するか？

それを日々意識して情報発信に取り組んでみてください。

大事なのは希少性です。

あなたでなければいけない理由を確立するんです。

この「ポジション」という考え方、深く考えていくとめっちゃ楽しいですよ。

自分の人生設計にも直結することなので、大事に大事に考えてみてください。

僕はプログラミングに限らず、アラサーから色んなことに挑戦し、「人生を変えるのはもう遅い」と諦めている人たちに勇気を与えられる存在になれればいいかなぁ〜、と考えています。

それが僕の思い描くポジション。

プログラマーとしての僕は、僕を表現する要素のうちのほんの一部でしかないということですね。

僕はこれからもどんどん自分のポジションを確立していきます。

あなたはどういうポジションを確立しますか？

追伸
良かったら感想をください。少しのアウトプットが成長につながります。",2018-12-16 02:01:50 UTC,2018-12-16 02:01:50 UTC
21,転職活動,プログラマーへの転職を成功させるためのコツ,"どうも、遅咲プログラマーの神里です。
今回は「プログラマーへの転職を成功させるためのコツ」について。

僕は現在、プログラミングスクールでも講師をしているのですが、たまに生徒さんから人生相談をされます。

で、プログラマーに転職するためのノウハウを色々と話すのですが、その時に一番強く伝えるのが「差別化」です。

今の時代、みんなプログラミングスクールに通うし、みんなそれなりのポートフォリオ作るんですよ。

だから、面接で技術的にアピールする内容もだいたい似たり寄ったりです。

そのなかで、あなたも周りと同じような経験をして、周りと同じような内容しか語れなければ普通に落ちます。

だからこそ、差別化を意識する。

ここら辺は収益化のノウハウと一緒ですね。

いわば、自分自身も商品です。

その商品を、いかにうまく企業に売るかということなんです。

なので、提出するポートフォリオも自分の色をめっちゃ出しましょう。

Twitterクローンアプリなんて作ってる場合じゃないですよほんと。

差別化するためにも、自分の趣味をテーマにしたポートフォリオを作るんです。

趣味に対する願望を叶えたり、課題を解決したり。

そうやって自分の色を強く出せば、それだけでも面接官に強い印象を与えられるようになります。

なぜスクールのカリキュラムで作ったものをまんま提出するのがダメかというと、そこには「自分で考えた」形跡が見えないから。

ただテキストをなぞっただけだと、現場に入ったときにめっちゃ苦労します。

「自分の頭で考えられる人間じゃないとプログラマーとして働くのは厳しい」

それを面接官もわかってるから、考える力がなさそうな人を落とすわけです。

だから自分のアイデアが全く見えないポートフォリオを作るのはやめましょう。

それを意識するだけでも転職の成功率はだいぶ変わりますよ。

なにをやるにしても差別化は強く意識してください。

これは転職するときだけでなく、現場に入ってからも大切なことです。

入社した企業であなたが他の人にはないスキルを身につけていれば、それだけでもだいぶ重宝されます。

もしかしたら、そのスキルのおかげでリモートワークも可能になるかもしれません。

どんな時でも「いかに効率よく結果を残すか？」を考えることが大切です。

チャンスはそこらへんに転がっているので、それを手に入れられる人間になりましょう。

ただ努力するだけでなく、頭を使って結果を残すことを意識してみてください。

ちょっとの工夫が大きな成果につながります。

追伸
もし良ければ簡単に感想をいただけると嬉しいです。",2019-01-21 23:55:09 UTC,2019-01-21 23:55:09 UTC
22,価値観,人間関係から受けるストレスが一番嫌い,"どうも、遅咲プログラマーの神里です。

僕は現在、プログラミングスクールとベンチャー企業で働いてるのですが、スクールの方は結構無駄なストレスが溜まります。

自分の記述ミスが原因でエラーが出てるのにひたすらパソコンのせいにしたり、勉強不足で基礎力が足りないのを講師のせいにしたり。

講師としてスクールで教えていると、そういった理不尽な理由が原因でクレームをつけられたりすることがたまにあります。

そして、そのときのストレスはめちゃくちゃ辛いです。

というかムカつきますw

で、そのストレスが溜まると、その日だけでなく、次の日にも影響が出たりします。

ムカつくことがずっと頭をよぎって、気分を切り替えるのに何度もエネルギーを使う。

僕はかなり神経質なので、このような人間関係から受けるストレスが一番嫌いです。

なので、できる限り人間関係から受けるストレスを減らせるように、これまでも約3年間副業に力を入れてきました。

もちろん最初からうまくいっていたわけではなく、月5万稼ぐのがやっとだっと時期もあります。

しかし、少しずつ収益が上がってきた結果、今では全く会社に行かなくても生活できるくらいのレベルにはなりました。

もちろん、僕のレベルなんてまだまだだし、月に500万、1000万、3000万稼ぐ人たちとは雲泥の差があります。

もっともっと精進していかなければいけません。

それでも、会社に行かなくて済むようになったのは、僕の人生の中ではとてもとても大きな革命です。

人間関係でめちゃくちゃ消耗しやすい僕は、ついに、余計な人間関係を切り離しても生きていける働き方を手に入れました。

なので、現在多大なストレスの原因になっているプログラミングスクールの講師も、もうそろそろ終わりにします。

これから先、僕が会社に所属して講師として働くことは二度とないでしょう。（もうやりたくないw）

こういう風に、ストレスの原因からフットワーク軽く逃げられるようになったのも、3年前に副業を始めておいたおかげです。

今になって、あの頃の自分には本当に感謝しています。

あの頃だと、副業をやる人はすごくマイノリティで、「副業=悪」とされているくらいでした。

実際に僕も、研究職の頃はマネージャーに注意されましたからね。

でも、「副業を辞めさせられるなら会社を辞めます」と伝え、それからずっと副業を辞めることはしませんでした。

その結果、社会との関わり方を大きく変えることができ、ネットからの収入だけで生活できるようになったわけです。

何が言いたいかというと、今、嫌なことがあるのであれば、それを避けても生きていける工夫をしたほうがいいということです。

もちろん「ストレスに耐える」という選択肢もありだとは思います。

ですが、それが原因で自分が体調を崩したり、周りの人に迷惑をかけたりするのは本末転倒です。

自分にとって居心地がいい場所をつくり、そこで最高のパフォーマンスを発揮して社会貢献すればいいんじゃない？

というのが僕の素直な意見です。

もし今、自分の心の声を犠牲にして嫌なことばかりをしているのであれば、もう一度自分の人生設計を見直してみてください。

本当に今やっていることがあなたの歩みたい人生なのか？

それをよく考えることが大切です。

僕は人間関係からくるストレスが大嫌いなので、あまり人と関わらなくても仕事ができるようにしました。

自分が生きやすい世界は、自分の手で構築する。

自分のわがままを実現できるのが、ビジネスで成果を出している人の特権です。

ぜひ、あなたが今抱えているストレスを排除できるよう、どう行動すればいいか考えてみてください。

楽しい経験を追い求めるより、まずは不快な経験を無くすことから。

そのほうがはるかに生活の質が向上しますよ。",2019-01-21 23:55:55 UTC,2019-01-21 23:55:55 UTC
23,自己投資,知っているか知らないかで結果が全く違う,"どうも、遅咲プログラマーの神里です。

あなたは勉強好きですか？

世間一般的には、「嫌い」と答える人が多そうですね。

でも、プログラマーをやるなら勉強を楽しむ姿勢はとても大切です。

答えを知っている人間の方が成果が出やすいのは誰もが知っている事実。

そして、プログラミングではその差がより顕著に現れます。

例えばこちらのコード

omikuji = [""大吉"", ""中吉"", ""小吉""]

puts omikuji[rand(omikuji.length)]

これは、おみくじをRubyで再現したものです。

初心者の方からすると、ちょっと複雑な処理ですよね。

でもそれが、sampleというメソッドを知っているとこうなります。

omikuji = [""大吉"", ""中吉"", ""小吉""]

puts omikuji.sample

これならかなりシンプルで、複雑な処理なんて考える必要ないですね。

sampleメソッドを知っているか知らないかの違いだけで、こんなにコードの簡潔さが変わるんです。

これはあくまでも簡単な例ですが、今回のように、知っていれば簡単なことでも知らないと途端にハードルが上がる、ということはたくさんあります。

ベテランプログラマーがやれば1分もかからないことでも、僕がやると1時間も2時間もかかったり。

そんなことが普通に起こりうるのがプログラマーの世界なんです。

なので、普段から勉強する姿勢を持つのはプログラマーとして超重要。

無駄な時間を増やさないためにも、頭の中にデータベースを構築しておく。

ただ、多くの方は「勉強=苦しいもの」というイメージを持ってますよね。

めっちゃ努力しないとできるようにならないんだ、みたいな。

しかし、それは大きな誤解です。

勉強は自分を苦しめるためにやるものではありません。

自分を楽にするためにやるものなんです。

普段から色んな情報に目を通し、自身の専門分野は深く掘り下げ、専門外の分野は広く浅く把握しておく。

そうやってどんどん頭を鍛え、悩む前から答えを知っていれば、実際に問題が起きたときにもすぐに解決することができます。

問題に直面したとき、悩んで悩んで解決した話は美化されがちですが、それよりも大切なのは悩む暇もなく問題を一瞬で解決すること。

プログラマーは、問題が起きても悩まなくて済むように、毎日勉強をしているわけです。（もちろん「楽しいから」というのが一番の理由ですが）

というわけで、知っているのと知らないのとでは、生産性が全く違ってくるということをよく頭に入れておいてください。

これはプログラミングだけではなく、ビジネスにおいても言えることです。

SEOを知っていれば集客はできるし、消費者心理を知っていれば物は売れる。

そうやってお金の稼ぎ方を知っている人はどんどん裕福になっていき、それを知らない人との差はどんどん広がっていきます。

「知っていれば簡単だけど、知らなければ難しい」

これはとても大切な価値観です。

そして、この価値観が活きる場面は人生の中で死ぬほどあります。

ぜひ、プログラマーにとって大切な価値観を身につけ、コンピュータだけでなく人生もハックしていってください。

効率を上げたいなら勉強あるのみ。",2019-01-21 23:56:24 UTC,2019-01-21 23:56:24 UTC
24,転職活動,Slackコミュ力の向上について,"現場で使用するコミュニケーションツールとしてはSlackがよく採用されます。

ちなみに、僕の現場もSlackです。

このように、現場ではコミュニケーションツールを使って仕事を進めていくことが多いわけですが、このSlackコミュ力についても未経験のうちから鍛えておいたほうがいいです。

そのほうが余計な仕事のミスもなくなるし、質問するときにも回答者が答えやすい質問ができる。

なので今のうちにSlackコミュ力を上げておきましょう！

そのためにまずやるべきことは、GitとGithub（もしくはBitbucket）の使い方を理解することです。

コミットしたソースコードをリモートリポジトリにプッシュしてそれを共有する。

最低限、これができるようになっていると、未経験の段階でも質問したときに明確な回答が得やすくなります。

次にやるべきは、検索能力を上げることですね。

知識が少ない最初のうちはどの検索ワードでググればいいかわからないと思いますが、基礎を学んだり色々ググったりしていくうちにどんどん使うべき検索ワードがわかるようになります。

「最初のうちは何が何だかわからなくて、自分なりの意見を持って質問できない」

という気持ちもよくわかりますが、だからといってずっとそのままでいいわけではないんです。

そういう甘えは捨てて、なにがなんでも自分なりの意見を持って質問するようにしましょう。

それが成長への近道です。

そのための練習としてがむしゃらにググるんです。

最初は大変かもしれませんが、慣れれば当然のようにググって質問することができるようになるので、ぜひ今のうちから検索能力を磨いておきましょう。

最後に、文章を読む人の気持ちを考える、ということについてお話します。

これがもう本当に重要で、できる限り読む人の負担を減らすように配慮することは常に考えた方がいいです。

読みにくい文章になっていないか？

結論から先に書いているか？

必要な情報を提供できているか？

礼儀を欠いた文章になってないか？

思考を相手に押し付けてないか？

きちんと感謝を伝えているか？

こちらから何かしらのGiveができているか？

とにかく相手の立場に立って考えるんです。

もちろんこれは簡単に身につくスキルではありません。

しかし、何度も何度も相手の気持ちを考えれば、だんだんとどのような文章を書けばいいのかがわかるようになります。

無駄に相手を不快にさせることがないよう、ぜひ１つ１つを意識してやってみてください。

このSlackコミュ力次第で、手に入る情報もだいぶ違ってきます。

自分の成長を加速させるためにも、ぜひ磨いていきましょう！

【注意】
もちろんコミュニケーションツールはSlackだけではありません。

Chatworkなるものもあります。

その場合はChatコミュ力とでも呼んでください。

追伸
良かったら感想をください。少しのアウトプットが成長につながります。",2019-01-21 23:56:54 UTC,2019-01-21 23:56:54 UTC
25,転職活動,週3勤務になってからの変化,"どうも、遅咲プログラマーの神里です。

週3勤務になってからというもの、1ヶ月の3分の2は休めるようになりました。

でね、こんだけ休みが多いと正直めっちゃダラけるんじゃないかと思ってたんですよ。

やっぱり会社の強制力って偉大じゃないですか。

で、実際、年末年始の連休は割としっかりダラけました。

沖縄そばと肉を食いまくりました。

ですが、それもピークが過ぎるとだんだん頭がビジネスモードに切り替わるようになったんです。

「もうそんな休みいらないわ」って感じで。

で、年始からはどんどん自分のビジネスに集中できるようになりました。

最近では、休みの日でも会社にいるのと変わらないくらいの労働時間になってます。

「フリーランスになるとセルフコントロールにめっちゃ不安がある」

という話をよく耳にしますが、休みもあり過ぎると慣れてくるのでそんなに心配ないと思いますよ。

むしろ会社員の頃よりもモチベーション高く仕事に取り組むことが出来るようになります。

僕はこの生活が好きすぎて、最近では通勤ゼロを目指すようになりました笑

まだまだフリーランスらしい生活は始まったばかりですが、これからもQOLを上げられるようにどんどん環境構築に取り組んでまいります。

沖縄帰るまでに、何とか通勤ゼロ生活を実現させたい。

まずはリモートワークで働けるところを色々探してみようかと思います。

まぁ、せっかく週3勤務になったので、皆さんがこれからチャレンジしようとしていることを先だって実践していけたら良いなと思っています。

それに関しては、知見がたまり次第、このLINE@でノウハウをどんどん共有していきますので楽しみにしていてください。

追伸
良かったら感想をください。少しのアウトプットが成長につながります。",2019-01-21 23:57:18 UTC,2019-01-21 23:57:18 UTC
26,自己投資,スキルを身につけるとやっぱり仕事には困らない,"どうも、遅咲プログラマーの神里です。

僕は年末に沖縄の実家に帰ってきたのですが、その帰省の間にさらっと沖縄での仕事が決まりました。

その決め手になったのが、プログラミングスキル、マーケティングスキル、人脈です。

正直、この3つが揃っていれば本当に仕事には困らないなと。

なぜなら、沖縄なんて仕事がないことでめちゃくちゃ有名ですからね。

僕自身、まさか地元でプログラマー兼ウェブマーケターとして働けるとは全く思ってませんでした。

でも、蓋を開けてみたらすんなり仕事が決まったんです。

肝心の時給は1300円。

これは東京の人からすると安いように感じるかもしれませんが、沖縄ではめっちゃ高いですね。

信頼を勝ち取る前からこの時給で働けるのは、価値あるスキルがあってこそ（もちろん僕はもっと上げてもらう予定ですが）

仕事の少ない地方に移住したいのであれば、やっぱりスキルは身につけた方がいいですよ。

そして、スキルを身につける方法として最も手っ取り早いのが、身につけたいスキルでビジネスを始めることです。

僕はプログラミングを始めて1ヶ月後には教育業を立ち上げ人に教えていました。

そのおかげでいままでずっとモチベーションを保つことができたし、お金を稼げるようにもなれたわけです。

人は、稼げる限り物事を辞めることはありません。

なぜなら続けていればどんどん生活が楽になるからです。

逆に、稼げなければどんどんモチベーションを失います。

どんな綺麗事言ったって、生活が苦しくなれば続けられなくなるのが人間ですからね。

なので、何か学びたいことがあるなら、そのスキルでビジネスを立ち上げましょう。

そして、それだけで生活できるようになりましょう。

月20万を自分のビジネスで稼ぐことくらい、1~2年あれば余裕でできますよ。

僕は2年で月70万程度を自分の力だけで稼げるようになりました。

人生変わると思えば、その期間くらい頑張るのは簡単です。

必死こいて大学受験の勉強をしていた時のモチベーションがあればいけるはず。（僕も高校生の時が人生で一番努力してました）

ここが人生のターニングポイントだと思って一生懸命スキルを身につけてみてください。

チャンスは目の前に転がっていますが、それを獲得できるかどうかはあなたの行動次第です。

自分に言い訳せず、しっかりと一歩ずつ前進していきましょう。

努力なくして成功はありません。

どんなに効率的な選択をしたとしても努力は必要です。

それを理解した上で楽しみながら前進できるのが結果を残す人です。

ぜひそこを目指して頑張ってみてください。

早いうちに人生の苦労を前倒ししましょう。

追伸
僕の教育業での収益推移はざっくりこんな感じです。

ビジネスを始めて
1ヶ月目　時給250円
2~6ヶ月目　時給500円
7~12ヶ月目　時給1000円
13ヶ月目　時給1600円
14ヶ月目以降　時給2000円以上

追伸2
良かったら感想をください。少しのアウトプットが成長につながります。",2019-01-21 23:58:14 UTC,2019-01-21 23:58:14 UTC
27,自己投資,プログラミング学習が飽きないようにするための工夫,"どうも、遅咲プログラマーの神里です。

今回はプログラミング学習が飽きないようにするための工夫について。

プログラミングって、勉強の仕方を工夫しないとすぐ飽きるんですよ。

ずっと同じ参考書使って勉強したり、ずっと同じエラーと格闘してたり、ずっと同じ言語勉強してたり。

で、そうやって飽きかけたときに僕が何をしてたのかというと、まずは気晴らしにプログラミング関連の色んな記事をネットサーフィンしていました。

特に、この方の記事は今でも結構読んでいますね。

伊藤淳一さん
https://qiita.com/jnchito

初心者の方は過去記事を片っ端から読むと、それだけでもかなり勉強になりますよ。

プログラマーになりたいなら、この方の記事を読みまくってみてください。

マジでレベル上がるので。

あとは、はてなブックマークのテクノロジーですね！

http://b.hatena.ne.jp/hotentry/it

こちらもトレンドの技術に関する記事が多くて面白い！

僕はプログラミングの勉強に飽きてきたら、こうやってテック系の記事を読みまくって息抜きしながら勉強してました。

それに、色んな記事読むといつの間にかモチベーション復活してるから面白い。

で、他の工夫としては言語をローテーションすることも心がけてましたね。

Railsプログラマーを目指すなら、Sass、Ruby、JavaScriptあたりをローテーションして学んでも良いんじゃないかな。

もちろん、最優先すべきはRubyなんだけど、それで飽きてしまうよりは息抜きに他の言語をやった方が何億倍もマシ。

結局色んな言語を学んでいた方が、相乗効果的な感じで理解も深まるので、相性のいい言語でローテーション組むのはオススメです。

あと他に飽きない工夫としては、自分の作りたいアプリをできる範囲で好き勝手作ってみたり、色んな技術書を買って読み漁ったりすることですね〜。

あと、単純に単価の高い案件を眺めるだけでもモチベーション上がったりします。

年始ということもあり、新たな挑戦が始まるということで心がウキウキしていると思いますが、モチベーションが下がるときは必ずやってきます。

なので、やる気のあるうちからやる気が出ない時のリスクヘッジをしておきましょう。

それが挫折を防ぐ秘訣です。

ぜひ楽しみながらプログラミング学習を続けていってください。

追伸
良かったら感想をください。少しのアウトプットが成長につながります。",2019-01-21 23:58:41 UTC,2019-01-21 23:58:41 UTC
28,収益化,地方にはお宝がいっぱい眠っている,"どうも、遅咲プログラマーの神里です。

僕は今、沖縄の実家で作業をしているのですが、やっぱり地方は情報発信において強みだらけだなと思いました。

食にしても芸能にしても、独自の文化が根付いていてネタが死ぬほどあります。

沖縄そば、とうふよう、カチャーシー、エイサーなど、発信したいことがたくさん。

本当に素晴らしい文化だなと思いました。

しかし、地元の人たちがWebマーケティングを知らないばかりに、たくさんの良い商品が埋もれてしまっているのが現状。

なので、4月に僕が沖縄に帰ってきたら、そこらへんのテコ入れをできればいいなとは思ってます。

で、ついこの間も母親の知り合いのお店に行ったら、そこでオーナーさんと仲良くなって、Webマーケティングやサイト制作でお手伝いをさせてもらえることになりました。

こんなにトントンと話が決まったのも、情報発信とプログラミングに力を入れてきていたおかげです。

コツコツやってきて本当に良かった。

というわけで、4月からそこで働くことになりそうですw

で、その職場でWebマーケティングのノウハウを教えて本当に売り上げが上がれば、そのノウハウを横展開し、同様に沖縄で埋もれているお店の売り上げをUPさせることもできるかと。

そこからどんどん自分の事業を大きくしていければ良いですね。

これからが本当に楽しみ。

僕が持っているスキルが地元の役に立てれば幸いです、とかそんな良い人っぽいことを言いたいわけではなく、単純に地元を自分のスキルで活性化させるのがめっちゃ楽しそう。

他の人にはないスキルを身につければ、社会貢献のハードルは下がりに下がってゲーム感覚になりますね。

というわけで、これからもただひたすら自分の人生をゲームのように楽しんでいこうと思います。

それでは、今年も宜しくお願いいたします。",2019-01-22 00:00:30 UTC,2019-01-22 00:00:30 UTC
29,自己投資,自由度を上げるための施策,"どうも、遅咲プログラマーの神里です。

今回は、自由度を上げるための施策についてお話ししましょう。

突然ですが、自由度あげたいですよね？

そりゃそうです、誰だってあげたいですよね。

毎日自分の好きなように生きることができればこれ以上の幸せは無いですからね。

でも、いったいどうやってそれを実現すればいいのでしょうか？

世の中にはいろんな働き方があるけど、いつでもどこでも自由に働いている人なんてそうはいません。

だからみんなどうしたらいいか困るわけです。

とはいえ、自由に働くことが無理なわけではありません。

実際に僕は、現在週３勤務で働くことができています。

特別な才能なんてないにも関わらず、です。

というわけで、凡人にも関わらずわりと自由に働けている僕から、ちょっと自由に働くコツをお話しさせていただきます。

ズバリ、あなたの夢を実現するために大切なのは「汎用性の高いスキル」を身につけることです。

その代表としてあげられるのが、おなじみのプログラミングスキルですね。

これは本当に素晴らしい神のようなスキルです。

といっても、汎用性の高いスキルはこれだけではありません

他には、ライティング、デザイン、スピーキングなどがあります。

これらのスキルを身につければ、かなり自由に働けるようになりますよ。

どの業界でもニーズを創出することができますからね。

それに、クラウドソーシングを使ったりリモートワークができるようになれば、出勤すら必要なくなります。

特に、これからは「スピーキング」の時代です。

なぜなら動画コンテンツが流行っているから。

ブログ界の神であるイケハヤさんが「もうブログはオワコンだ」と言っているくらいですからねw

動画の流れ、めっちゃ来てます。

文章に関して「コピーライティング」と呼ばれる技術があるように、これからは「コピースピーキング」的なワードも出てくると思います。（たぶんね）

なので、次の時代をたくましく生き抜くためにも、これからはトークを鍛えましょう。

大丈夫、僕もまだクオリティー低いですが、以前よりはだいぶマシになりました。

何度も何度も喋れば本当に上手くなりますよ。

ブログと一緒です、やれば勝手に上手くなる。

なので、これからは喋り倒した人の勝ちです。

どんどん自分の価値観を世にプレゼンしていきましょう。

そのためにも、普段から自分の発する言葉で人の行動を変えられるように意識するんです。

トークが武器になるということは、日常生活全てが練習の舞台になるということ。

人にわかりやすく説明したり、反対意見を持っている人を説得したり、落ち込んでいる人を励ましたり。

そうやって人の心を動かせるようになれば、動画でも普通に使えるスキルに変わります。

世は人生総コンテンツ時代。

自分の声すらも余すことなくお金に変えていきましょう！

追伸
よかったら簡単に感想いただけると嬉しいです。",2019-01-22 00:00:55 UTC,2019-01-22 00:00:55 UTC
30,価値観,週3勤務になったら何をやるのか？,"どうも、遅咲プログラマーの神里です。
今回は「週3勤務になったら何をやるのか？」と言うことについて。

僕は現在、週6勤務くらいしているのですが、それが年明けから一気に半分になります。

というわけで、週3勤務になったら何やるかを具体的に決めとかないといかなんなと。

で、色々考えた結果、自分がこれから力を入れようと思ったことをお話ししていきます。

まず、僕が最も力を入れたいのが講座開発ですね。

現在のRuby on Railsのカリキュラムを充実させるのはもちろんのこと、他の分野にもどんどん進出していこうと考えています。

具体的には、Laravel、Webデザイン、WordPress、Webマーケティングですね。

これらに関しては、現場で培ってきた知見を応用し、できる限り実践に近い内容をお伝えしようと考えています。

実践的な講座を作成するためにも、膨大な量の時間と勉強が必要になってきますね。

でも、スキルは一度身につければ一生得をするので、これから死ぬ気でやろうと考えています。

そして、講座開発の次に僕が力を入れたいのがYouTubeです。

今はほとんど編集せずに投稿していますが、YouTubeでも収益を上げられるようになったら、どんどん編集を外注化してビジネスを加速させていきます。（動画編集してくれる人いたら連絡ください笑）

最近は、YouTube経由でのお申し込みも少しずつ増えてきていて、動画の威力を実感しています。

こちらのビジネスは是非とも、もっと拡大していきたい。

将来的には、タレントのように何の価値もないことが価値を帯びるようになるといいですね。

沖縄に帰って、庭でバーベキューしたり、海に入ったり。

そういうことで収益化できるようになるといいなぁと。

あと、個人的にちょっと力を入れようと思っているのが「フリースタイルフットボール」です笑

こんなやつ↓
https://www.youtube.com/watch?v=0NuDKRbkzIw

なぜこんなものをやろうと思ったのかというと、単純にプログラマーの中でこれやってる人がいないから。

僕は一応、小学2年生から20年以上サッカーを続けてきました。部活経験は10年間。

で、過去に県大会で準優勝したこともあって、サッカーはそこそこできます。

なので、その経験を活かさないのは勿体無いなと。

また、運動不足のプログラマーが多い中では、僕と同じくらいのパフォーマンスができる人はそういないだろうと予測しての判断です。

単純に「これは自分の勝てる領域だ」と思ったんですね。

「プログラマー <=> 体育会系スキル」

という組み合わせも、真反対の属性でギャップがあって面白そうだし。

というわけで、これに関しても少しずつ動画コンテンツとして発信していく予定です。

「運動不足のプログラマー、フリースタイルフットボウラーを目指す」

みたいなコンセプトで。

というわけで、これから週3勤務になるのですが、もちろん遊びほうけるわけではありません。

自分のビジネスをする時間を増やすための週3勤務です。

増えた時間はきっちりビジネスに投資させていただきます。

というわけで、また年明けから色々と動きはあるかと思いますが、暇なときにでも僕のコンテンツを見ていただけると嬉しいです。

もちろん、このLINE@も引き続き発信をしていく予定です。

宜しくお願いいたします。

追伸
良かったら感想いただけると嬉しいです。",2019-01-22 00:01:37 UTC,2019-01-22 00:01:37 UTC
31,収益化,なぜ皆ネットビジネスをやったほうがいいのか？,"どうも、遅咲プログラマーの神里です。
今日は、「なぜ皆ネットビジネスをやったほうがいいのか？」ということについて。

僕が「ネットビジネスって神だよね」と思うのは、いくら自分が忙しくても、いくら自分が体調崩しても、いくら自分が怠けてても、お金が入ってくる仕組みを確立できることです。

現在、僕のブログとYouTubeは、合わせて1日30時間くらい働いてくれています。

それプラス、僕自身も1日10時間くらいは何かしらの価値提供をしているので、1日合計40時間は仕事をしているということになります。

そして、それを1週間続ければ 40 x 7 で280時間。

それに対し、サラリーマンの月の平均労働時間は約200時間。

なんと僕は、いつの間にか1週間働けば一般サラリーマンの1ヶ月分以上の働きができる、という状態になっていたのです。

このような状況、本来ならありえないですよね。

自分の時間を切り売りして働いている人からすると「ふざけるな！」と思われそうなくらい。

でも、現実としてこのような形で働くことも可能なのです。

自分が働かなくても自動で収入を得られるようにするには、

1. めっちゃ資産を作って運用する
2. 会社を作って自分が働かなくても収益が上がるようにする
3. ネットビジネスを始める

というざっくりとした3つの選択肢があると思うのですが、その中でも「ネットビジネスを始める」というのは、最もハードルが低く、再現性が高いものです。

しかし、稼ぐために死ぬほど効率がいいことをみんな知らないから、挑戦する人が少ないし、どんどんみんな辞めていきます。

「ブログは半年以上頑張らないと結果が出ない」

なんて嘆いている人は結構いますが、僕からすると

「半年頑張るだけで結果が出るってすごくね？」

という話です。

ネットをうまく活用できず、肉体労働で収益を上げようとする起業家の労力に比べたら、情報発信で結果を出すための労力なんてホント大したことないですよ。

情報発信で結果を出すには時間がかかると思ってるかもしれませんが、他のビジネスに比べるとはるかに早くて楽。

普通に考えて、こんなに効率よくお金が稼げるスキルは他にないです。

自分がどこにいても、何をしても収益が上がるような仕組みを確立できれば、人生の選択肢は大幅に広がるでしょう。

住む場所も選び放題。

職業も選び放題。

職場も選び放題。

人間関係も選び放題。

働く時間も選び放題。

上手くネットを活用すれば、人生の主導権を自分の手で握っているのが実感できますよ。

だから僕も、アラサーから脱サラし、仕事のない沖縄に移住して会社に勤めずのんびり生活する、なんて強気の選択をすることができるわけです。

それに、情報発信なんて失敗してもほとんどリスクないですからね。

初期投資もほとんど必要ないし、在庫も抱える必要ないし、ランニングコストもわずかしかかからない。

その上、サーバー代、ドメイン代、取材や企画などで使う食事代や旅行代など、色んなものを経費にできる。

なので、いつ辞めても何のダメージもないわけです。まぁ、僕は辞めないけど。

というわけで、人生の効率を上げたいのであれば、ネットビジネスはやったほうがいいですよ。

「忙しくてそんな暇はない」なんていってる暇があったらやりましょう。

ずっと言い訳してるから、可処分時間が増えないのです。

未来の可処分時間を増やすために、現在の可処分時間を投資する。

そういう感覚で活動すればいいかなと。

今は忙しくていいんですよ、未来が楽になれば。

ぜひ、そういう感覚で動いてみてください。",2019-01-22 00:02:16 UTC,2019-01-22 00:02:16 UTC
32,収益化,自分より格上が集まる環境を作ることの重要性,"どうも、遅咲プログラマーの神里です。

僕の知り合いの投資家さんに、とても人脈に恵まれていて飲食店関連のクラウドファンディングで日本一の記録を樹立された方がいます。

その額、なんと3600万円。

参考記事
・https://www.makuake.com/project/bar-sanmi/
・https://precious.jp/articles/-/4868

なぜ彼が日本記録という素晴らしい結果を残すことができたのかというと、それは単純にお金持ちがたくさん支援してくれたからです。

まぁ、結果を残せた理由は単純なのですが、大切なのはここから。

そのクラウドファンディングに支援してくれた沢山のお金持ちはどこから集まったのか？という話です。

不思議ですよね、それこそ、相当な人脈がなければクラファンでここまでの金額はなかなか達成できないはず。

たとえ知り合いの数が多かろうが、お金持ちとたくさん知り合うことってそんなに簡単なことではありません。

クラファンのリターンを見ても、15万円のリターンに4人が支援しています。

それだけでも60万w

では、なぜこんなにも高額の支援をたくさん集めることができたのでしょうか？

その理由は、彼の行なっていたビジネスにあります。

実は、彼は投資家でありながら、ワインバーのオーナーという一面も持っていました。

そのため、常日頃からお金持ちの方々を呼んでワインパーティーを開いていたのです。

それによってできた人脈がまた新たな人脈を呼び、それがクラファンの爆発力につながった。

このように、自分よりも格上の方々から引き上げられるようになると、成果が出るスピードは圧倒的に速くなります。

まさに「爆発」という言葉がぴったり。

で、これを起こすにはやはり自分よりも格上が集まる環境を作ることが大切です。

先ほど例に挙げた投資家さんで言えば「ワインバー」がそれに当てはまりますね。

実は、僕自身もこのような環境を作ることを狙っていて、人生逆転サロンでは自分よりも格上の方々が集まるようにしています。

その結果、僕の元上司を始め、10年以上プログラマーをされている方や、時給5000円で機械学習エンジニアをされている方、月収3000万の天才が入会してくださっています。

その他にも、企業の社長さんが普通にいたり、JavaScriptやPHP、VBA、技術ライターですでに活躍されている方々が入ってくださったりと、サロンを運営している僕が一番学べる環境になりました笑

このように格上の方々がたくさん集まると、そこに所属する人たちの成長スピードは圧倒的に加速します。

僕も5ヶ月前までは開発現場での常識や必要なスキルセットなどすごくぼんやりとしていたのですが、格上の方々のSlackでのやり取りを見るだけでもその輪郭がだいぶクリアになりました。（もちろんまだまだ勉強不足ではありますが）

格上が集まる環境を作るためには以下の点が重要になります。

・自分のファンになってもらう
・彼らが持っていないスキルを提供する
・テストマーケティングの場を提供する
・消費者心理を学ぶ場所を提供する
・ノイズの少ない場所を提供する
・彼らが望む人脈を提供する

僕自身もこれからもっと格上が集まるようなコミュニティーづくりに力を入れていかなければいけませんが、とにかくこのような環境が作れると本当にいいことしかありません。

彼らは自分の知識を惜しみなく提供してくれるし、困っている人も助けてくれます。

そして、彼らのそういう姿勢を見て、未経験者もどんどん後を追うようになります。

結果、全体のレベルが格段に上がることに。

僕は彼らにとって居心地のいい場所を提供し、彼らは僕のコミュニティーを良いように利用する。

そうやってお互いwin-winの関係が築ければいいですね。

ぶっちゃけ、僕の用意した教材も彼らが自分のビジネスを始める上での参考になれば良いなと思って作ってます。

「あぁ、俺の方がもっと良いの作れるわ」と思ってもらえればそれで良いなと。

こうやって、もっと多くの凄腕プログラマーが集まる場所になれば、結果としてさらに多くの初心者も助けることができます。

人生逆転サロンは初心者のためのコミュニティーなんだけど、そのために格上に刺さるコンテンツを用意する。

そういう意識でこれからもサロン運営ができれば良いですね。

まだまだオーナーとして未熟ではありますが、以上がサロン運営をはじめて5ヶ月間で学んだ事でした。",2019-01-26 03:59:40 UTC,2019-01-26 03:59:40 UTC
33,収益化,情報発信を始めて3年が経とうとしている,"どうも、遅咲プログラマーの神里です。

僕は今年の3月で情報発信を始めてから3年になります。

この3年間の経験は、僕にとって人生の宝となりました。

何よりも大きな学びは「お金は自分の力で稼ぐことができる」と知れたことです。

情報発信を始めた当初、僕は「月5万くらい稼げれば充分だな」と思ってました。

それが今では5万くらい簡単に稼げるようになって、自分が思い描いていた以上の暮らしができるようになっています。

僕は情報発信をする前まで、会社から給料をもらうことでしかお金を得ることができませんでした。

月末になると財布が寂しく、「給料日はよ」と毎月4回くらいは思っていたものです。いや、5回かな。

とにかく、制限された範囲でやりくりするしかないから、何かとお金のことが頭から離れませんでした。

振り返ってみれば、会社から与えてもらうことを待つだけの人間でしたね。

そうやって気づいたら、研究職に就いてから5年が経っていました。

その当時、僕が研究職に対して感じていたデメリットは以下の通りです。

・研究設備がなければ何もできない
・その会社でしか通用しない人材になってしまう
・専門性は高いのに給料は安い
・嫌な上司がいても我慢するしかない
・求人が少ないため気軽に転職ができない

もちろん、研究職自体はとても楽しい仕事なんです。

でも、キャリアを重ねるにつれ、だんだんとデメリットを感じるようになり「自分はこのまま働いて大丈夫なのか？」と不安を抱えるようになりました。

特に人間関係が悪いのが何より嫌だった。

そして、そんな環境を簡単に変えられないのも凄く不満でした。

そのため、「研究職以外で、何かいい働き方はないのか？」と模索するようになったわけです。

で、僕がたどり着いたのが、「情報発信」と「プログラミング」でした。

この２つのスキルに出会えたことには本当に感謝しています。

本業をやりながら、情報発信やプログラミングを同時並行で学んでいくのはかなり辛かったけど、そのおかげでいつでもどこでも自由に働くことができるようになりました。

最近は週休5日になり、自分のビジネスを思いっきり楽しんでいます。

3年間の情報発信をやっていく中で、僕自身が一番大切にしてきたことは「成長し続ける」ということ。

常に変化を続けているからこそ、僕を見てくれる人は映画や漫画を見るような感覚で楽しんでくれる。

その感覚を最も大切にし、これまで情報発信をしてきました。

きっとそれが今の状況につながっているんじゃないかと思います。

「自分がすごい人になればフォロワーは勝手に集まる」

これが、僕の情報発信に対する価値観です。

「有益な情報を発信しなきゃ」とか「フォロワーを集めるために色々企画しなきゃ」とか、そういうテクニックももちろん大切かもしれませんが、それよりもまずは自分が成長すること。

そうでなければ発する言葉に説得力が宿らない。

それだと、人を動かすことがとても難しくなるんです。

もちろん、最初は凄くなくたって構いません。

というか、最初からすごい人なんてそうはいません。

僕も最初は駄文を大量生産してました。

今でも昔の文章を見ると「なんだこのクソ記事は」と思います。

そんな僕でも今は、自分が発信する情報で飯を食えてます。

大切なのは、今、この瞬間から成長すること。

今凄くないなら、これから凄くなればいいんです。

むしろ、凄くなかった人が凄い人に変わっていくからこそ、そのストーリーには人を惹きつける魅力が生まれるんです。

良い文章を書きたいなら、良い言葉を発したいなら、まずは自分が成長することから。

ライティングスキルやトーク力なんておまけでしかありません。

そうやって地道に努力を続けて結果を残していけば、自然と情報発信でも結果が出るようになります。

ドラマチックなストーリーを見せるためにも、秀でた能力がない今のうちから情報発信はしておくと良いですよ。",2019-01-27 10:52:37 UTC,2019-01-27 10:52:37 UTC
34,転職活動,転職の難易度を劇的に下げる方法,"どうも、遅咲プログラマーの神里です。

今回は、転職の難易度を劇的に下げる方法について。

これから勉強を始める未経験者の方は、相当な量の勉強をする必要があると考えていられるのではないでしょうか？

もちろん、それは正解です。

未経験からプログラマーになるなら、勉強量はきちんと確保しなければいけません。

そうしないとなかなか実務レベルにはなれませんからね。

僕自身、プログラマーとして現場で働けるようになるまでには800時間以上勉強してきました。

わからないことが多くて辛い時もあったし、時にはコードを見るのが嫌になる時もあった。

でも、なんとか踏ん張ってここまできました。

と、こんなことを言うと、プログラマーになるためにはめちゃくちゃ努力しなければいけないと思われるかもしれません。

ですが、実は難易度を劇的に下げる方法も存在するのです。

それは、「人的資産」を獲得する、という方法。

まぁ、簡単にいうと人脈ですね。

人脈を獲得すると、プログラマーへの転職はかなり簡単になります。

なぜなら、最初から人間性の面で信頼を得ることができているから。

あとは実力さえ認めてもらえば、簡単にプログラマーになれたりします。

現に僕も、人脈のおかげで仕事を紹介していただけることがありました。

残念ながら、そのときの僕は3ヶ月ほどほとんど休みがない状況だったので、新しく仕事をお受けすることはできませんでしたが、その条件はかなりいいものでした。

フルリモート、残業なし、パソコン支給、月給30万以上という破格の条件。

今振り返ると、断ったのはちょっともったいなかったなという気もします笑

でも、自分も他にやりたいことが色々あったので断りました。

という僕の話は置いといて、こういう好条件の仕事でも、人脈があれば簡単に獲得できたりします。

なのでぜひ、プログラミングの勉強と合わせて人脈を作ることに力を入れてみてください。

そのために有効なのは、色んな勉強会やセミナー、飲み会などに顔を出すこと。

そこで色んな人と仲良くなれば、どんどん仕事が得やすくなってきます。

そう言う意味でも、プログラマーにとってコミュ力は超重要ですね。

あと、僕が個人的に熱いなと考えているのが「コミュニティー運営」です。

無料のコミュニティーを作って何かしらの価値を提供すれば、どんどん人は集まってきます。

そして、その中にはあなたにとって有益な人脈を持った人も沢山入ってきてくれるでしょう。

そうすると、その人脈から転職が決まる、なんてことも普通にあり得ますし、コミュニティー運営の経験自体が転職活動で評価されたりもします。

それに、コミュニティー運営で形成された人脈は、今後も大きな財産になるでしょう。

一度で二度も三度も美味しい無料コミュニティーの運営、やる価値は十分にありますよ。

僕が今、初心者の頃に戻ったら、間違いなくSlackで無料コミュニティーを作って、皆で勉強会したり共同開発したりしますね。

それが簡単にできる時代だからこそ、挑戦する人が報われます。

特にサロン生にはそれやってほしいな、僕がアドバイスするので誰かやってみてください笑

というわけで、転職の成功率を劇的に下げたいのであれば人脈を作ってみると良いですよ。

そうすると、かなり希望が見えてきます。

ただし、このアドバイスは「プログラマーになるには努力なんて必要ない」という意味ではないので、そこらへんは勘違いしないようお願いします。

プログラマーになるためには、当然、相応の努力は必要になります。

常に勉強する姿勢は忘れないでくださいね、そう言うマインドがあってこそのポテンシャル採用なので。

要は何が言いたいかと言うと、努力と戦略（効率化）のどちらも大切にしましょうね、ということです。

手と頭を動かしながら、行動力と知力に優れた人材を目指してみてください。

人として優秀になれば、当然、プログラマーとしても優秀になれます。

だから簡単に採用してもらえる、というお話でした。",2019-02-06 03:50:01 UTC,2019-02-06 03:50:01 UTC
35,転職活動,ちょっと難しい課題に挑戦することの重要性,"どうも、遅咲プログラマーの神里です。

今回は、独学でもどんどん実力を伸ばせるプログラマーになるためには何をやればいいのか？ということについて、ざっくりとした方法をお伝えします。

それは、「今の自分にはちょっと難しいかな？」という課題に挑戦することです。

ある程度プログラミングにも慣れ、これから初心者レベルを卒業しようと考えている人なら、もう自分で色々調べて機能を実装できる段階に突入しています。

しかし、この段階にいるにもかかわらず、今の自分がすでにできていることばかりをやっている人は、残念ながらなかなか成長することができません。

「今の自分にはちょっと難しいんだけど、頑張ればなんとかできそう」

そういう課題を見つけることに力を入れてみてください。

で、具体的に何をすればいいのかということですが、

「自分が実装したい機能を、やり方を調べて実装する」

ということをやってみてください。

そのためには、公式サイトのドキュメントを読み込むことや、補足情報をググって実装過程で起こるエラーを解決する、ということが必要になります。

それによって、ドキュメントを正確に読み込む力や、わからない部分をしっかりと把握し、調べて解決するという問題解決能力が身につきます。

この能力に関しては、テキストの通りに勉強を進めるだけでは絶対に身につけることはできません。

しかし現場では、問題解決能力の方が、テキストを正確になぞる能力よりも大切になってきます。

なぜなら、現場では模範解答が用意されているなんてことはほとんどないから。

だから、自分で考えて行動する能力が必要なのです。

もちろん、最初からいきなり公式ドキュメントを読むのは大変だとおもいます。

中には英語のサイトもありますからね。

それでもちょっとずつ慣れることで、もう1段階、プログラマーとしてレベルアップできるようになりますよ。

まずは日本語のドキュメントが充実しているRubyやRailsで挑戦してみてください。

それらの言語やフレームワークで公式ドキュメントを読み込むことに慣れ、そこから少しずつ英語のドキュメントを読む方にシフトしてみましょう。

ある程度プログラミングの基礎ができている人なら、英語で書かれたプログラミングの説明も思った以上に読めます。

たとえ読めなかったとしても、同じ言葉がなんども出てくるので、調べながら読んでいけばそのうちすんなり読めるようになります。

そうやって自分にとってちょうどいいレベルの課題を見つけ、ちょっとずつステップアップしていくと、1ヶ月後にはびっくりするほど前進できるようになっていきますよ。

自分の成長が速く感じられるようになると、学習のモチベーションも一気に高まります。

「ちょっとやっただけでこんなに成長できるなら、もっとやってみようか」となるわけです。

人は、自分にとってちょうどいい難易度の仕事をやっている時に、集中力が高まってその人のパフォーマンスが最大限に活かせる状態になります。

それがいわゆる「フロー状態」です。

そうするとどんどんプログラミングをやりたくなるので、レベルが一気に上がるようになります。

毎日モチベーション高く学習をすることができ、それによってさらに成長するという正のスパイラルが生まれればこっちのものですね。

僕自身、「できるかできないかわからないんだけど、やったら何となくできそうだよな」ということに挑戦する時が一番ワクワクします。

そういう時は、朝勝手に目が覚めて、すぐにパソコンに向かってプログラミングを始めたりするくらい。

で、だいたいそういう時は、めちゃくちゃレベルアップできます。

なのでぜひ、ぜひ自分にとってちょうどいい課題を見つけるようにしてみてください。

テキストをただこなすだけでは、なかなかプログラマーへの転職は難しいです。

ある程度の基礎が身についたら、次はそれを卒業し、自分で考えて機能を実装する練習をしてみましょう。

そうすることでまた一段とレベルが上がり、プログラミングを楽しめるようになりますよ。",2019-02-06 03:50:37 UTC,2019-02-06 03:50:37 UTC
36,収益化,自分より格上が集まる環境を作ることの重要性,"どうも、遅咲プログラマーの神里です。

僕の知り合いの投資家さんに、とても人脈に恵まれていて飲食店関連のクラウドファンディングで日本一の記録を樹立された方がいます。

その額、なんと3600万円。

参考記事
・https://www.makuake.com/project/bar-sanmi/
・https://precious.jp/articles/-/4868

なぜ彼が日本記録という素晴らしい結果を残すことができたのかというと、それは単純にお金持ちがたくさん支援してくれたからです。

まぁ、結果を残せた理由は単純なのですが、大切なのはここから。

そのクラウドファンディングに支援してくれた沢山のお金持ちはどこから集まったのか？という話です。

不思議ですよね、それこそ、相当な人脈がなければクラファンでここまでの金額はなかなか達成できないはず。

たとえ知り合いの数が多かろうが、お金持ちとたくさん知り合うことってそんなに簡単なことではありません。

クラファンのリターンを見ても、15万円のリターンに4人が支援しています。

それだけでも60万w

では、なぜこんなにも高額の支援をたくさん集めることができたのでしょうか？

その理由は、彼の行なっていたビジネスにあります。

実は、彼は投資家でありながら、ワインバーのオーナーという一面も持っていました。

そのため、常日頃からお金持ちの方々を呼んでワインパーティーを開いていたのです。

それによってできた人脈がまた新たな人脈を呼び、それがクラファンの爆発力につながった。

このように、自分よりも格上の方々から引き上げられるようになると、成果が出るスピードは圧倒的に速くなります。

まさに「爆発」という言葉がぴったり。

で、これを起こすにはやはり自分よりも格上が集まる環境を作ることが大切です。

先ほど例に挙げた投資家さんで言えば「ワインバー」がそれに当てはまりますね。

実は、僕自身もこのような環境を作ることを狙っていて、人生逆転サロンでは自分よりも格上の方々が集まるようにしています。

その結果、僕の元上司を始め、10年以上プログラマーをされている方や、時給5000円で機械学習エンジニアをされている方、月収3000万の天才が入会してくださっています。

その他にも、企業の社長さんが普通にいたり、JavaScriptやPHP、VBA、技術ライターですでに活躍されている方々が入ってくださったりと、サロンを運営している僕が一番学べる環境になりました笑

このように格上の方々がたくさん集まると、そこに所属する人たちの成長スピードは圧倒的に加速します。

僕も5ヶ月前までは開発現場での常識や必要なスキルセットなどすごくぼんやりとしていたのですが、格上の方々のSlackでのやり取りを見るだけでもその輪郭がだいぶクリアになりました。（もちろんまだまだ勉強不足ではありますが）

格上が集まる環境を作るためには以下の点が重要になります。

・自分のファンになってもらう
・彼らが持っていないスキルを提供する
・テストマーケティングの場を提供する
・消費者心理を学ぶ場所を提供する
・ノイズの少ない場所を提供する
・彼らが望む人脈を提供する

僕自身もこれからもっと格上が集まるようなコミュニティーづくりに力を入れていかなければいけませんが、とにかくこのような環境が作れると本当にいいことしかありません。

彼らは自分の知識を惜しみなく提供してくれるし、困っている人も助けてくれます。

そして、彼らのそういう姿勢を見て、未経験者もどんどん後を追うようになります。

結果、全体のレベルが格段に上がることに。

僕は彼らにとって居心地のいい場所を提供し、彼らは僕のコミュニティーを良いように利用する。

そうやってお互いwin-winの関係が築ければいいですね。

ぶっちゃけ、僕の用意した教材も彼らが自分のビジネスを始める上での参考になれば良いなと思って作ってます。

「あぁ、俺の方がもっと良いの作れるわ」と思ってもらえればそれで良いなと。

こうやって、もっと多くの凄腕プログラマーが集まる場所になれば、結果としてさらに多くの初心者も助けることができます。

人生逆転サロンは初心者のためのコミュニティーなんだけど、そのために格上に刺さるコンテンツを用意する。

そういう意識でこれからもサロン運営ができれば良いですね。

まだまだオーナーとして未熟ではありますが、以上がサロン運営をはじめて5ヶ月間で学んだ事でした。",2019-02-06 03:51:05 UTC,2019-02-06 03:51:05 UTC
37,転職活動,週2勤務で成果を出す方法,"どうも、遅咲プログラマーの神里です。

僕は現在、週2勤務で働いています。

この働き方に関しては、他の方からすると休みの日がたくさんあってハッピーに見えるでしょう。

もちろん、朝9時までゆっくり眠ることができるし、平日の昼間から気楽にカフェで作業する、なんて生活ができるので、以前よりは遥かに幸福度が上がりました。

しかし、プログラマーとして働くにあたっては、ハッピーじゃない点も存在します。

それは「限られた出勤日で着実に成果を出さなければ切られる」ということです。

僕は業務委託で契約していますからね、いつ切られてもおかしくありません。

となると、

少ない出勤日数の中でいかに効率よく結果を残すか？

を考える必要があるわけです。

これが出来なければ週2勤務は実現しません。

ただ、僕は現在、ありがたいことに「思った以上に優秀だ」とか「来ていただいて助かります」とか、現場の方々にいっていただけています。

なので今回は、生産性を上げるために僕が普段から気をつけていることについてシェアさせていただきます。

もし将来、週2〜3勤務で柔軟に働きたいと考えられている場合は参考にしてみてください。

まず、効率よく成果を出すためには、出勤日にできるだけ調べ物をしないことが大切です。

必要な知識はできるだけ休日に身に付ける、ということですね。

とはいえ、休日に仕事をするわけではありません。

僕は、休日まで会社の仕事をやるのは違うと考えているので、休みの日に会社の仕事をやることはほとんどありません。

もしやるとしても、「うまくいくかどうか、どうしても試したい」という好奇心が勝った時のみやります。

それを踏まえて、休日はなにをやるかというと、今後実装予定となる機能の公式ドキュメントを読んだり、適当なブログ記事を見つけて小さいアプリを作って動作確認したりしています。

そして動作確認ができたら、ついでにそれを教材にまとめます。

「出勤のための下準備」と表現すると固い感じになっちゃいますが、僕自身、普段から休みの日も趣味でプログラミングをやっているので、これに関してはほとんど遊び感覚でやっています。

プログラミング自体が楽しいので、趣味のためにやっていることが結果として仕事にもつながったら嬉しいよね、という感じです。

あとは、自分が学んできたことに関しては、自分なりにノウハウをまとめておくことも効率化を図る上で凄く大切にしています。

僕の場合は「教材を作ること」がそれに当てはまりますね。

これやると劇的に作業が速くなるんです。

僕は以前、上司から、「1時間あげるからやってみて」と言われた作業があったのですが、たまたま手順をまとめていたこともあり、それを5分くらいで終わらせることができました。

そして、その時は上司も結構びっくりしていました。

大したことやってないのに評価されてラッキーという感じ。

僕がやったのは、機能を実装した時の手順を、15分くらいでちゃちゃっとまとめただけ。

あとは、その手順に従って実装すれば簡単に仕事が終わります。

たったこれだけで褒めてもらえるなら、めちゃくちゃ費用対効果は高いですね。

それに、ノウハウをまとめる際は、不明な点を明らかにしたり、再現性を担保したりといった工夫をしなければなりません。

その過程を経験することで理解度が深まり、より実装がスムーズになるというメリットもあります。

ざっとあげると、ノウハウをまとめることによるメリットは以下の通り。

・作業効率が高まる
・理解度が深まる
・復習しやすくなる
・コンテンツとして売ることができる
・発信すれば転職時のアピールにつながる
・人を育てるのが簡単になる

また、現場で開発をする際にも、READMEなどに簡単なドキュメントをまとめることがあるので、その時にも普段からノウハウをまとめる姿勢が役に立ちます。

あとは、Slackなどのコミュニケーションツールでも、端的にわかりやすく説明したり質問したりする能力もつくでしょう。

なので、これからプログラマーを目指す人はぜひ「オリジナルドキュメントの作成」を習慣化させてみてください。

そうすればプログラマーとしてかなり幸せになれますよ。

僕もまだまだ実務経験10ヶ月の初心者プログラマーですが、それでもなんとか週2勤務で働くことができています。

工夫次第では割と柔軟に働くこともできるので、ぜひ自分の理想の働き方に近づくよう色々と戦略を練ってみてください。

細かいライフハックをいくつも重ねれば、それが大きな成果へとつながります。",2019-02-06 09:33:11 UTC,2019-02-06 09:33:11 UTC
38,転職活動,気に入ったWebサイトをよく観察してみる,"どうも、遅咲プログラマーの神里です。

プログラミングを学習する方法については、現在色々なノウハウがありますが、今回はそのうちの１つをご紹介します。

それは「気に入ったWebサイトをよく観察してみる」ということです。

プログラミングを勉強する上では、実際にプロの方々がどのような技術を使用しているのかを把握する、ということが上達の近道になります。

なのでもし、自分が気に入ったWebサイトがあるのであれば、それをよく観察してみてください。

なぜこのWebサイトに目が止まったのか？

なぜかっこいいと思ったのか？

なぜ使いやすいと思ったのか？

そういうことを考えると、自分がWebサイトを作るときにもとても参考になります。

ボタンの配置はこうしよう、とか

メインカラーはこれでいこう、とか

この方が使い手のイメージと処理の流れが合致している、とか

そういう細かい部分を考えられるようになるためにも、プロが作ったものをよく観察するんです。

それに初心者だと、現場に入るために何を学べばいいかわからない、ということはよくありますよね。

でも、実際にリリースされているサービスを見れば、何を学べばいいかが大まかに見えてきます。（セキュリティ関連、テスト実装など、表に出ない部分は難しいですが）

僕は、サイバーエージェント（https://www.cyberagent.co.jp）のサイトを見て、JSが使えるようになればこんなに使い心地の良いサイトが作れるんだ、と思ったし、LUFTTOOLS（http://www.luft.co.jp/cgi/）を見て、徹底的にシンプルさにこだわった特化サイトの美しさを学びました。

ただ見た目だけかっこいいのではなく、いかにシンプルで美しく、ユーザーにとって使いやすいサイトになっているか？

そのために、裏側の処理も含め、どういうデザインになっているかを考える。

そうすると、自分でWebサイトを作るときにも、どんどん深いところまで考えて作れるようになります。

それに、良いものを分析する目を持つことは、ビジネスで結果を出す上でも重要になってきます。

常日頃から、

自分はなぜこの商品に目を惹かれたのか？

なぜこの商品を買ったのか？

なぜ他の商品じゃダメなのか？

そういうことをきちんと自己分析して把握していると、自分の商品を人に売るときにも

どのポイントを意識して商品を作りこめばいいのか？

どのポイントを強調して説明すればいいのか？

お客様がこの商品を買う決め手は何か？

ということがわかってきます。

で、そうするとやっぱりお金も稼げるようになります。

「人の感情が動くところに良いものを作る秘密がある」

これは真実なので是非大切にしてみてください。

目の前のものを良いものとするか、悪いものとするか、それは人の感情が決めることです。

だからこそ、感情に焦点を当てると良いものが作れるようになります。

で、他人の感情の流れを知るためにも、まずは自分の感情の流れを知ることから。

自己分析は他己分析の第一歩です。

というわけで、自分の感情が動いたとき、何が理由になったのかをよく分析するようにしてみましょう。

繰り返しになりますが、良いWebサイトを作れるようになりたいのであれば、良いWebサイトを分析することからです。

そこで必要になる技術があればそれを学び、裏側の処理も含めたデザインの意図を汲み取って自分のサイトに反映させる。

そうすると、「ただ技術を知っている」だけのプログラマーから、「技術を使って良いものを作ることができる」プログラマーへとレベルアップすることができますよ。",2019-02-13 00:34:03 UTC,2019-02-13 00:34:03 UTC
39,転職活動,Webマーケティングに力を入れている企業は意外と少ない,"どうも、遅咲プログラマーの神里です。

最近は、人生逆転サロンのメンバーと企業を繋げるため、色んな社長さんとお話をさせていただく機会が多くなりました。

そのなかで思うことは、「Webマーケティングに力を入れている企業は意外と少ない」ということです。

その理由は2つあって、

1. そもそもWebマーケティングを良く知らない
2. Webマーケティングに力を入れる体力が会社にない

ということです。

話してみた感じ、僕がYouTubeやブログで普通にやっているちょっとしたマーケティングの戦略でさえ、知っている社長さんはいませんでした。

「おぉー、めっちゃ勉強になります！！！」と言われることが結構あった。

僕からすると当たり前のことしか話してないんですけどね。

でも、こういう状況ってかなり美味しいなと思います。

「もっと色々できることあるやん！！！」と。

この状況を利用しない手はないですよ。

「社長さんですら知らないWebマーケティングの知識を語ることができれば、それだけでめっちゃ価値を感じてくれる」ということです。

人材を採用するにあたり社長さんが何を考えているのかというと、端的に言えば「会社に貢献してくれる人を採用する」ということです。

「プログラマー採用したい」とか、

「マーケター採用したい」とか、

色々と人材採用の戦略はあるかもしれませんが、結局は会社にとってプラスになる人間が入ってくれれば何でもいいんです。

それを踏まえた上で、プログラミングも学びつつWebマーケティングもある程度知っている人間がいれば、それだけ魅力的に見えてしまいます。

だって、社長さんですら知らないことをたくさん知っているわけですからね。

プログラマーは「良い商品を開発する」というのが本来の役割ですが、それに加えて「良い商品を届ける」という視点も持つことができれば、それほど素晴らしいことはありません。

もちろん、プログラミングとWebマーケティングを知っている人間が、プログラマーとWebマーケターの両方を担当することは稀です。

なので、プログラマーとして採用された人間が直接的にマーケティングに関わることはないかもしれません。

しかしそれでも「知っている」ということ自体が価値になるのです。

マーケティングに挑戦したことがある人間は大体、お金を稼ぐことの難しさを知っています。

そしてそういう人間は、会社の仕事をする上でも常にターゲットのことを意識できていたり、時間に対するコスト意識が高かったり、結果にこだわることができたりと、良い人材の条件をいくつも持っています。

だからこそ、人材としてとても魅力的に見えるわけです。

そのためにも、プログラミングを学習するだけでなく、自分が学んだことを徹底的に発信する。

そうやって1000人でも2000人でもフォロワーがついていれば、わりと無条件に「すごい人」というふうに見てもらえたりします。

それに、YouTubeやブログを通して継続的に発信をしている人なら「根気のある人だな」とか「モチベーションが素晴らしいな」とか、マインド面でもきちんと評価してもらえます。

そうすると転職活動はかなりイージーで、未経験のアラサーでも普通にスカウトが来たりします。

僕が普段から「プログラマー目指すなら情報発信もしよう！」といっている理由はそこにあります。

情報発信を通して自分のスキルを提供し、知らない誰かの役に立つことができる人間は、Webマーケターとしてもセンスがあります。

そんな将来性のある人材を企業が放っておくわけはないと思うんです。

「プログラミングで学んだことをYouTubeやブログで発信する」ということをやれば、プログラミングスキルもWebマーケティングスキルも両方バランスよく鍛えられますからね。

「マーケティングはできるけどコード書かせたら大したことない」みたいな人材になることも防ぐことはできますよ。

プログラマーになりたいなら、もちろん一番力を入れるべきことは「勉強」ですが、ただそれだけをやっていれば良いというわけでもありません。

スキルの掛け合わせがあってこそ希少な人材になれる、ということもきちんと頭に入れておいた方がいいです。

それに、「ただ１つの物事だけに集中することが一番効率の良い方法とは限らない」ということもはっきりとした事実です。

プログラミング学習で言えば、ただひたすら勉強に専念するより、情報発信して生徒さんを捕まえて教えまくったほうがかえって自分の勉強になったりします。

また、人に教えるためにまとめたノウハウは、それ自体が自分にとって最高の教材になったりもします。

そういう意味でも、情報発信は決してプログラミング学習の足かせにはならないんです。

むしろ「ブーストをかけてくれる」という表現の方が正しいですね。

社長さんですらあまりよく知らないWebマーケティング、差別化にめっちゃ有用だと思いませんか？

ぜひプログラミングスキルとマーケティングスキルを身につけ、会社に依存しない人材を目指してみましょう。

そういう人材が、社長さんからするとめちゃくちゃ魅力的に見えたりします。

もしそれで採用されて実績を積めば、将来的には開発からマーケティングまでを担当できる人材になれるかもしれないですよね。

スキルを組み合わせれば、夢は広がる一方です。

僕みたいに野心たっぷりの人は、ぜひそのポジションを目指してみてください。

そうすると転職くらいは余裕でできるようになりますよ。",2019-02-13 00:34:37 UTC,2019-02-13 00:34:37 UTC
40,転職活動,成功体験を積むことの重要性,"どうも、遅咲プログラマーの神里です。

何か新しいことに挑戦するとき、わからないことが多すぎてとても不安になりますよね。

実際、新しい挑戦をすると必ずと言っていいほど失敗をします。

それがどんどん積み重なると、自信がなくなって自己肯定感が保てず挫折してしまうというわけです。

そしてこれは、真面目な人ほどよく陥る現象です。

自分に厳しすぎるが故に完璧主義になってしまい、自分を否定的に見てしまってモチベーションが保てず、物事を継続することができなくなってしまう。

こうなってしまうとめちゃくちゃ悲しいですよね。

色々考え、色々調べた末に挑戦したはずなのに、自分で自分の首を絞めて挫折してしまうなんて。

それだとどんな挑戦をするにも成功するまでの道のりを自分からどんどん遠ざける人間になってしまいます。

こういう自体を防ぐには、なによりも「成功体験を積む」ということが重要になります。

１つ１つの成功を積み重ね、自己肯定感を高めることによってモチベーションを継続するんです。

「成功体験」というと何か大それた感じに捉えられるかもしれませんが、別に誇れるような体験じゃなくてもいいんです。

例えば、「今日はエラーを一個解決できた」とか「今日は新しい技術を１つ学んだ」とか。

そういう小さな一歩の積み重ねを「成功体験」として捉え、ちょっとずつ前進していきましょう。

そのためにも、1日にこなすタスクはめちゃくちゃ簡単なものから切り分けてこなしていくといいです。

Railsが難しいと感じるならRubyの基礎文法から。

基礎文法が難しいと感じるなら1行でもコードを書くことから。

コードを書くのが難しいと感じるならテキストエディタを起動することから。

テキストエディタを起動することが難しいと感じるならPCに電源を入れるところから。

タスクを細かく切り分けてTODOリストを作りましょう。

そして、１つ１つのタスクをこなしたらチェックをつける。

PCの電源を入れることができれば、それだけで１つクリアです。

どれだけ簡単で人に馬鹿にされそうなタスクを設定しようが気にしないでください。

自分が楽しければいんですよ。

一歩も踏み出せない頃の自分と比べたら、どれだけ簡単なタスクでも一歩を踏み出せる状態になった自分は前進してるじゃないですか。

それを続ければいいんです。

楽しめばいいんです。

そうやって簡単なタスクからこなすようにし、「自分はやったぞ！」という自己肯定感を得る。

それを繰り返していると、どんどん手を動かすのが楽になっていきます。

ついでに、タスク管理能力も身についていきます。

その小さな成功の積み重ねが大きな成功につながるので是非やってみてください。

Railsを触るときにもWebが動く仕組みやセキュリティーなど、色々と学ばなければいけない前提知識はあると思います。

ですが、何よりもまずは「動いた！」という成功体験をすることが大切です。

そうやってフレームワークを触る楽しさを知った上で必要となる知識をどんどん身につけていきましょう。

Railsは確かに便利すぎるので、初心者はプログラマーになるための基本的な知識を見落としがちになります。

オブジェクト指向とかSQL、データベースに関する基礎知識なんかは特に。

しかし、だからと言ってそこばかりを勉強していても、なかなか「動いた！」という成功体験を積むことはできません。

だからこそ、まずは「Hello World」から出してみる。

そうやって、自分が書いたコードが実際に動き、自分が書いた言葉が画面に表示される体験をしてみる。

そうするとフレームワークを使う楽しさを感じることができ、勉強にもどんどんモチベーションが湧くようになりますよ。

もし、プログラミング学習で挫折しそうになったら、この話を思い出してください。

うまくいかない時こそタスクを切り分け、ハードルの低いものから１つずつクリアしていくといいです。

そうやって「自己肯定感」をしっかりと保ちながら前進していきましょう。

ゴールにたどり着くことも大事ですが、その過程を楽しむことも大事です。

せっかくなら、道中も楽しみながら成功したいですよね。",2019-02-22 00:26:56 UTC,2019-02-22 00:26:56 UTC
41,収益化,地方でビジネスを成功させるコツ,"どうも、遅咲プログラマーの神里です。

僕は週末、母親が企画したバスツアーに参加するため沖縄に帰っていました。

当日は、カフェのお客さんが45人も集まってバスツアーに行くことになったのですが、母親の集客力には素直に感心させられました。

僕も色々とイベントを企画して人を集めたりするのですが、正直、45人も集めるのは大変です。

値段を下げればある程度の人数を集めることができると思われる方もいらっしゃるかもしれませんが、ただ値段下げるだけでは実はそこまで人って集まらなかったりするんですよ。

じゃあ、何が人を動かすのか？というと、それは単純に企画者のファンであるかどうかということに依存します。

「あの人が企画しているから行こう！」

そういうふうに思ってもらうことが重要なわけですね。

その点に関して、母親は地元ではかなり顔が広く、友達も多いです。

その理由としては、母親が多趣味であるということが挙げられますね。

お琴、琉球舞踊、三線、料理、手芸など、色々とやってます。

僕が把握しきれてないだけでまだまだあるかも。

よくもまぁ、これだけ色々こなせるなと感心します。

そんな趣味の多い母だからこそ、ちょっと企画をすれば人は集まるし、実際のカフェ運営においても口コミから客が絶えることはありません。

マーケティングのことなんてほとんど知らず、パソコンもろくに使えないにも関わらず、ここまで集客できるのははっきりいってめっちゃ凄いです。

僕はネットの力を借りなければ集客なんてできる気がしませんからね。

このことから学んだのは、地方でビジネスをするなら近隣住民といい関係を築くのはめっちゃ重要だということです。

いろんなコミュニティーに顔を出し、どんどん仲間の輪を広げていく。

そうすることで、「あの人がやっているからあのお店に行こう」と思ってもらえるようになるのです。

僕自身、4月から沖縄に移住することもあって、ネットを介したビジネスだけでなく、実店舗の経営にも力を入れていこうと思っています。

で、実店舗の経営に必要なWebサイトや業務システムなんかは自分でコード書いてつくってみようかなと。

いってみれば社長兼プログラマーって感じですね。

とまぁ細かいことは置いといて、移住した後は実店舗の経営にもチャレンジするからこそ、色んなコミュニティーにも顔を出してみようと思いました。

まずはフットサル、それから、三線、紅型、琉球ガラス、シーサー作りなど、色々なことに挑戦し、話のネタを増やしつつ人脈を広げていこうと思います。

今回は、地方でのビジネスを例に挙げてみましたが、これはプログラマーが個人で仕事を獲得する時にも当てはまる大事なことです。

企業の社長さんや人事の方など、色々知り合いが多いと色んな話が舞い込んできます。

僕もつい先日、Railsの教材作成の件でとある企業様からご連絡をいただきました。（仕事を受けるかどうかは条件次第ですが）

他にも、講師の案件やプログラマーの案件など、人から紹介してもらえた仕事はかなりたくさんあります。

僕はもう人に雇われて働くのが嫌なので、よっぽど魅力的な仕事でない限り受けないようにしていますが、これから実務経験を積んでどんどん実力を磨いていこうと考えている人は、人脈から仕事を獲得できるように動いてみると良いのではないでしょうか。

で、このように人脈を良い方向に活用するためにも、大切なのはコミュニケーション能力です。

いくら知り合いが多くても、その方々に好かれていなければ意味はありません。

嫌いな人に仕事を振る人なんていませんからね。

そういう意味では、人間性の悪い人ははっきりいって稼ぐことはできません。

とくにプログラマーは、スキルばっかりに意識が向いて、コミュニケーション能力のない個人では生きていけなそうな人が多いです。

だからこそ、スキルも人間性もきちんとバランスのとれた人材は重宝されます。

ぜひそこを目指してみてください。

スキルも人間性も優れた人は、教える側に回ってもしっかりと人を育てることができますよ。

「スキルが高い=人を育てられる」というわけではありません。

どんなにスキルレベルが高かろうが、人間性の悪い人に人はついていきません。

人対人である以上、かならずコミュニケーション能力が必要になってきます。

そういう意味では、経験が浅い人のほうが初心者の心に寄り添った指導ができます。

だからこそ、初心者のうちから人に教える訓練をしておいた方がいいです。

そうすると、また色んな人脈ができ、将来的にできることの幅も広がりますよ。

ぜひスキルと人間性の両立を目指して、勉強や人脈づくりに励んでみてください。",2019-02-22 00:27:22 UTC,2019-02-22 00:27:22 UTC